,Name,No. of FTE Students,No. of students per staff,International Students,Female:Male Ratio,Country
1,Zarqa University,"5,768",18.1,32%,47:53:00,Jordan
3,Ziauddin University,"4,906",8.8,1%,63:37:00,Pakistan
5,Zhytomyr Polytechnic State University,"3,869",15.4,1%,34 : 66,Ukraine
7,"Yusuf Maitama Sule University, Kano","12,880",33.0,0%,48:52:00,Nigeria
9,York St John University,"6,315",18.6,12%,65:35:00,United Kingdom
11,Yogyakarta State University,"23,685",18.5,1%,59:41:00,Indonesia
13,Yanka Kupala State University of Grodno,"11,250",15.8,9%,58:42:00,Belarus
15,Yamaguchi Prefectural University,"1,363",12.7,2%,86:14:00,Japan
17,Yagshigeldi Kakayev International University of Oil and Gas,"4,545",9.8,1%,30 : 70,Turkmenistan
19,WSB Academy,"4,346",6.2,33%,49:51:00,Poland
21,Writtle University College,655,7.7,10%,79:21:00,United Kingdom
23,Wrexham Glyndwr University,"3,520",22.0,14%,61:39:00,United Kingdom
25,The World Islamic Sciences and Education University (WISE),"7,157",24.9,12%,62:38:00,Jordan
27,Uzhhorod National University,"14,836",11.5,11%,55:45:00,Ukraine
29,University of Worcester,"7,400",16.8,13%,69:31:00,United Kingdom
31,WHU: Beisheim,"1,664",29.7,29%,32 : 68,Germany
33,West Virginia University,"25,500",18.4,5%,52:48:00,United States
35,West Ukrainian National University,"9,408",13.7,3%,42:58:00,Ukraine
37,University of West London,"9,510",15.9,42%,60:40:00,United Kingdom
39,Western Caspian University,"3,245",7.7,5%,59:41:00,Azerbaijan
71,University of Uyo,"18,911",30.4,0%,42:58:00,Nigeria
73,Universidad UTE,"10,628",19.0,1%,48:52:00,Ecuador
75,"Usmanu Danfodiyo University, Sokoto","24,553",19.1,0%,31 : 69,Nigeria
77,Üsküdar University,"22,967",43.3,11%,64:36:00,Turkey
79,Urgench State University,"22,548",21.3,5%,58:42:00,Uzbekistan
81,Ural State Medical University,"7,067",11.9,5%,75:25:00,Russian Federation
83,UNNOBA,"8,614",12.4,2%,58:42:00,Argentina
85,Institute of Telecommunications and Informatics of Turkmenistan,"2,900",9.7,0%,24 : 76,Turkmenistan
87,University College of Osteopathy,390,11.1,28%,55:45:00,United Kingdom
89,Universidad del Pacífico Ecuador,651,13.9,2%,58:42:00,Ecuador
91,United International University,"4,632",21.4,1%,30 : 70,Bangladesh
93,Unichristus,"5,497",15.4,0%,67:33:00,Brazil
95,Umaru Musa Yar’adua University,"10,334",20.3,0%,27 : 73,Nigeria
97,UIN Sulthan Thaha Saifuddin Jambi,"16,859",47.5,1%,56:44:00,Indonesia
99,UBT,"9,757",15.5,4%,45:55:00,Kosovo
101,Ubon Ratchathani University,"15,717",22.1,0%,67:33:00,Thailand
103,Turin Polytechnic University in Tashkent,"1,752",18.8,4%,0.602083333,Uzbekistan
105,Trinity Laban Conservatoire of Music and Dance,"1,180",9.8,31%,67:33:00,United Kingdom
107,Toyama Prefectural University,"1,630",8.2,2%,26 : 74,Japan
109,Tomsk State Pedagogical University,"5,032",19.8,6%,80:20:00,Russian Federation
111,Tashkent State University of Economics,"8,304",14.2,1%,27 : 73,Uzbekistan
113,Tokyo University of Foreign Studies,"4,413",17.9,11%,66:34:00,Japan
115,Tikrit University,"36,905",13.1,0%,36 : 64,Iraq
117,Termez Institute of Engineering and Technology,"4,296",36.7,0%,0.684027778,Uzbekistan
119,Termez State University,"25,070",35.7,1%,49:51:00,Uzbekistan
121,Tenri University,"3,147",22.5,5%,34 : 66,Japan
123,University of Telafer,"1,456",30.3,0%,44:56:00,Iraq
125,Institut Teknologi Nasional Bandung (ITENAS Bandung),"5,548",23.0,0%,27 : 73,Indonesia
127,Instituto Tecnológico Metropolitano,"25,333",28.6,0%,44:56:00,Colombia
129,Tecnológico de Costa Rica,"10,651",13.8,2%,35 : 65,Costa Rica
131,Tecmilenio University,"2,932",16.5,1%,45:55:00,Mexico
133,Tatung University,"4,036",19.6,3%,39 : 61,Taiwan
135,Tashkent Institute of Textile and Light Industry,"4,266",11.7,0%,40 : 60,Uzbekistan
137,Tashkent State Transport University,"17,319",24.9,0%,0.438194444,Uzbekistan
139,Tashkent State Technical University,"14,591",14.2,0%,0.765972222,Uzbekistan
141,Tashkent State University of Oriental Studies,"4,291",16.1,1%,51:49:00,Uzbekistan
143,Université Sultan Moulay Slimane,"31,042",50.0,0%,51:49:00,Morocco
145,Tashkent State University of Law,"4,819",10.6,1%,27 : 73,Uzbekistan
147,Tashkent State Dental Institute,"4,609",8.9,3%,52:48:00,Uzbekistan
149,Tashkent State Agrarian University,"11,560",13.5,0%,51:49:00,Uzbekistan
151,Tashkent Pharmaceutical Institute,"3,313",12.2,13%,64:36:00,Uzbekistan
153,Tashkent Pediatric Medical Institute,"5,704",10.1,1%,50:50:00,Uzbekistan
155,Tashkent Medical Academy,"6,495",8.8,2%,42:58:00,Uzbekistan
157,Tashkent Institute of Irrigation and Agricultural Mechanisation,"5,750",7.1,5%,24 : 76,Uzbekistan
159,Tashkent University of Information Technologies,"14,404",15.5,0%,0.970833333,Uzbekistan
161,Tashkent Institute of Finance,"8,370",21.2,1%,29 : 71,Uzbekistan
163,Tarsus University,"2,556",27.8,2%,42:58:00,Turkey
165,Tarlac Agricultural University,"5,351",24.3,0%,56:44:00,Philippines
167,Tama Art University,"4,719",32.8,11%,73:27:00,Japan
169,University of Taipei,"7,988",17.6,2%,60:40:00,Taiwan
171,Tafila Technical University,"4,094",21.9,1%,43:57:00,Jordan
173,Széchenyi István University,"9,299",14.7,5%,43:57:00,Hungary
175,Suratthani Rajabhat University,"12,086",24.6,0%,71:29:00,Thailand
177,Sulaimani Polytechnic University,"3,762",11.4,0%,50:50:00,Iraq
179,Sugiyama Jogakuen University,"6,064",29.4,0%,100:00:00,Japan
181,University of Suffolk,"3,245",16.6,14%,71:29:00,United Kingdom
183,Suez University,"18,010",21.8,2%,55:45:00,Egypt
185,Stranmillis University College,"1,060",23.6,18%,79:21:00,United Kingdom
187,"St Mary’s University, Twickenham","4,740",18.2,25%,54:46:00,United Kingdom
189,"St Mary’s University College, Belfast",915,22.9,48%,74:26:00,United Kingdom
191,State University of Land Use Planning,"4,202",13.4,5%,51:49:00,Russian Federation
193,State Energy Institute of Turkmenistan,"2,134",11.5,2%,28 : 72,Turkmenistan
195,State University of Bahia,"20,384",10.2,0%,67:33:00,Brazil
197,Sri Padmavati Mahila Visvavidyalayam (Women's University),"5,475",19.6,6%,83:17:00,India
199,Sri Lanka Institute of Information Technology,"11,151",38.7,0%,37 : 63,Sri Lanka
201,University of Sri Jayewardenepura,"17,069",23.4,0%,62:38:00,Sri Lanka
203,Sri Balaji Vidyapeeth,"3,850",7.4,1%,53:47:00,India
205,SR University,"3,238",13.1,0%,49:51:00,India
207,University of South Santa Catarina (Unisul),"16,602",18.8,0%,52:48:00,Brazil
209,Soran University,"4,596",9.5,0%,50:50:00,Iraq
211,University of Sopron,"2,847",14.9,3%,63:37:00,Hungary
213,"Solent University, Southampton","8,640",16.1,30%,45:55:00,United Kingdom
215,Sokoto State University,"8,244",23.8,0%,25 : 75,Nigeria
217,Sir Syed University of Engineering and Technology,"5,879",14.1,0%,0.643055556,Pakistan
219,Simón Bolívar University (Colombia),"18,482",18.2,1%,60:40:00,Colombia
221,Simón Bolívar University,"4,462",10.5,0%,43:57:00,Venezuela
223,Silesian University in Opava,"5,322",20.4,6%,71:29:00,Czech Republic
225,Sikkim Manipal University,"3,013",10.5,2%,31 : 69,India
227,Shri Mata Vaishno Devi University,"1,805",15.0,0%,40 : 60,India
229,Samarkand State Medical University,"7,200",10.2,1%,41:59:00,Uzbekistan
231,Shonan Institute of Technology,"2,234",29.4,9%,0.35625,Japan
233,The University of Shiga Prefecture,"2,853",14.1,1%,49:51:00,Japan
235,Shaheed Zulfiqar Ali Bhutto Medical University,"4,803",8.6,1%,55:45:00,Pakistan
237,Shaheed Benazir Bhutto Women University Peshawar,"5,677",38.6,0%,100:00:00,Pakistan
239,Senshu University,"17,933",23.0,3%,35 : 65,Japan
241,Sefako Makgatho Health Sciences University,"6,306",9.9,1%,62:38:00,South Africa
243,University of Science and Technology of Southern Philippines (USTP),"9,222",32.5,0%,60:40:00,Philippines
245,SBS Swiss Business School,"1,644",10.3,57%,42:58:00,Switzerland
247,Saudi Electronic University,"21,756",24.3,6%,48:52:00,Saudi Arabia
249,Satya Wacana Christian University,"16,132",35.5,0%,45:55:00,Indonesia
251,University of Santo Tomas,"26,511",13.3,7%,51:49:00,Philippines
253,University of San Martín de Porres,"40,234",18.0,0%,61:39:00,Peru
255,Universidad San Ignacio de Loyola,"21,556",35.9,1%,51:49:00,Peru
257,Samuel Adegboyega University,390,5.4,0%,51:49:00,Nigeria
259,Samarkand State Institute of Foreign Languages,"5,010",10.9,0%,74:26:00,Uzbekistan
261,Samarkand State University,"15,754",17.2,0%,50:50:00,Uzbekistan
263,Samara State Medical University,"7,097",9.4,8%,71:29:00,Russian Federation
265,Samara State University of Economics,"4,771",24.5,3%,58:42:00,Russian Federation
267,Salem University,513,3.9,1%,40 : 60,Nigeria
269,Salahaddin University,"25,189",10.7,1%,55:45:00,Iraq
271,Sakon Nakhon Rajabhat University,"9,328",20.1,0%,64:36:00,Thailand
273,Saint Petersburg State Pediatric Medical University,"4,894",9.7,11%,73:27:00,Russian Federation
275,University of Saint Joseph,"1,141",10.7,24%,62:38:00,Macao
325,Prefectural University of Hiroshima,"2,623",12.3,2%,65:35:00,Japan
327,Universidad Popular Autónoma del Estado de Puebla,"11,279",16.1,1%,60:40:00,Mexico
329,Polytechnic Institute of Setúbal,"7,829",17.3,6%,54:46:00,Portugal
331,Poltava V.G. Korolenko National Pedagogical University (PNPU),"3,812",5.8,0%,51:49:00,Ukraine
335,Plymouth Marjon University,"1,845",18.5,3%,61:39:00,United Kingdom
337,Philadelphia University (Jordan),"3,615",20.1,36%,41:59:00,Jordan
339,University of Phayao,"18,057",20.7,0%,68:32:00,Thailand
341,Pharos University,"11,106",14.1,6%,49:51:00,Egypt
343,University of Petra,"6,538",19.9,21%,57:43:00,Jordan
345,Pavlo Tychyna Uman State Pedagogical University,"9,149",17.5,2%,32 : 68,Ukraine
347,Paris University of International Education,445,29.7,100%,32 : 68,France
349,Panteion University of Social and Political Sciences,"12,615",62.5,2%,52:48:00,Greece
351,Palestine Technical University – Kadoorie,"7,013",18.3,4%,59:41:00,Palestine
353,Palestine Polytechnic University,"4,812",27.0,3%,55:45:00,Palestine
355,Ostrogradsky National University of Kremenchuk,"4,106",11.8,0%,38 : 62,Ukraine
357,ORT Uruguay University,"4,151",6.7,2%,47:53:00,Uruguay
359,Orel State University named after I.S. Turgenev,"11,549",13.3,15%,56:44:00,Russian Federation
361,Orel State Agrarian University named after N.V. Parahin,"1,769",11.6,16%,42:58:00,Russian Federation
363,Omsk State Agrarian University,"4,838",18.1,13%,55:45:00,Russian Federation
365,Olusegun Agagu University of Science and Technology,"6,474",29.4,0%,28 : 72,Nigeria
367,Oguz Han Engineering and Technology University of Turkmenistan,"2,223",13.2,0%,52:48:00,Turkmenistan
369,October 6 University,"25,927",20.8,3%,49:51:00,Egypt
371,Nursing School of Coimbra,"2,138",23.0,7%,85:15:00,Portugal
373,Novosibirsk State University of Economics and Management,"3,717",8.4,16%,72:28:00,Russian Federation
375,Novena University,"1,981",25.4,0%,42:58:00,Nigeria
377,University of Nova Gorica,416,3.5,54%,48:52:00,Slovenia
379,Norwich University of the Arts,"2,290",15.8,13%,61:39:00,United Kingdom
381,Northern Technical University,"21,400",27.5,0%,48:52:00,Iraq
383,Northeast Ohio Medical University,955,11.8,0%,54:46:00,United States
385,University of Northampton,"9,945",16.9,33%,64:36:00,United Kingdom
387,Nitte (Deemed to be University),"4,408",7.7,1%,65:35:00,India
389,Ninevah University,"3,707",13.6,0%,42:58:00,Iraq
391,Nile University,"2,168",14.4,2%,28 : 72,Egypt
393,University of Niigata Prefecture,"1,196",14.8,1%,76:24:00,Japan
395,Niigata University of Health and Welfare,"4,410",17.2,0%,51:49:00,Japan
397,Nihon Pharmaceutical University,"1,618",18.4,4%,48:52:00,Japan
399,"Nigerian Police Academy, Wudil","3,087",21.9,0%,0.725,Nigeria
401,Niger Delta University,"20,608",25.9,0%,45:55:00,Nigeria
403,Newman University,"2,325",17.9,12%,76:24:00,United Kingdom
405,Universitas Negeri Surabaya,"29,840",24.5,0%,64:36:00,Indonesia
407,Navoi State Pedagogical Institute,"12,791",26.4,0%,72:28:00,Uzbekistan
409,National University “Yuri Kondrautyuk Poltava Polytechnic,"5,067",8.1,10%,49:51:00,Ukraine
411,National University of Water and Environmental Engineering,"4,344",9.8,3%,34 : 66,Ukraine
413,National Transport University,"7,262",11.5,2%,31 : 69,Ukraine
415,National Taichung University of Science and Technology,"15,512",14.9,1%,70:30:00,Taiwan
417,"National University, Sudan","5,132",12.3,6%,60:40:00,Sudan
419,"National University of Science and Technology, Oman","3,986",18.8,14%,63:37:00,Oman
421,National University of Quilmes,"33,703",27.3,2%,57:43:00,Argentina
423,National Polytechnic University of Armenia,"5,742",8.7,2%,0.888888889,Armenia
425,The National University of Ostroh Academy,"3,432",8.8,1%,57:43:00,Ukraine
427,National University Odessa Law Academy,"10,503",17.7,1%,60:40:00,Ukraine
429,National University of Mongolia,"18,647",26.5,2%,60:40:00,Mongolia
431,National University of Medical Sciences (NUMS),"1,654",5.0,0%,72:28:00,Pakistan
433,National Film and Television School,395,7.2,42%,50:50:00,United Kingdom
435,National University of Computer and Emerging Sciences,"8,291",14.8,2%,0.970833333,Pakistan
437,National Aviation University,"14,239",10.9,5%,39 : 61,Ukraine
439,Nara Women’s University,"2,612",6.2,5%,100:00:00,Japan
441,Nara Institute of Science and Technology,"1,043",5.1,24%,1.011805556,Japan
443,Namangan State University,"20,636",31.9,0%,66:34:00,Uzbekistan
445,Namangan Institute of Engineering and Technology,"5,784",18.1,0%,0.929861111,Uzbekistan
447,Namangan Engineering Construction Institute,"3,881",11.8,0%,0.806944444,Uzbekistan
449,Nakhchivan State University,"7,620",14.1,20%,46:54:00,Azerbaijan
451,Najran University,"17,967",16.9,1%,69:31:00,Saudi Arabia
453,Nagoya University of Commerce & Business,"3,549",29.9,8%,25 : 75,Japan
455,Universidad Nacional de Itapúa,"5,595",5.3,0%,59:41:00,Paraguay
457,Universidad Nacional de Chimborazo,"8,478",14.7,1%,57:43:00,Ecuador
459,Mutah University,"11,486",16.1,15%,46:54:00,Jordan
461,Mulungushi University,"6,988",54.6,0%,41:59:00,Zambia
463,Mukogawa Women’s University,"8,394",26.4,0%,100:00:00,Japan
465,Muban Chombueng Rajabhat University,"4,951",17.9,0%,62:38:00,Thailand
467,October University for Modern Sciences and Arts (MSA),"12,444",11.4,2%,50:50:00,Egypt
469,Moscow State Linguistic University,"6,173",6.5,7%,74:26:00,Russian Federation
471,Russian Biotechnological University (BIOTECH),"5,103",9.4,9%,59:41:00,Russian Federation
473,Moscow Pedagogical State University,"16,779",18.7,13%,74:26:00,Russian Federation
475,University of Monterrey,"10,814",31.2,1%,61:39:00,Mexico
477,Universidad Monteávila,"1,054",5.7,0%,71:29:00,Venezuela
479,Université Mohamed El Bachir El Ibrahimi de Bordj Bou Arréridj,"18,000",30.9,0%,100:00:00,Algeria
481,Modern University for Business and Science,"1,896",16.9,31%,47:53:00,Lebanon
483,"MNS University of Agriculture, Multan","3,266",23.5,0%,0.970833333,Pakistan
485,M. Kumarasamy College of Engineering,"3,772",11.7,0%,27 : 73,India
487,Mahatma Jyotiba Phule Rohilkhand University,"3,999",20.1,0%,31 : 69,India
489,Misr University for Science and Technology,"24,742",18.8,6%,47:53:00,Egypt
491,University of Misan,"11,855",15.0,0%,51:49:00,Iraq
493,Mirpur University of Science and Technology,"7,544",19.8,0%,44:56:00,Pakistan
495,MIOTI Tech and Business School,115,38.3,9%,31 : 69,Spain
497,Mindanao State University – Iligan Institute of Technology,"9,348",18.6,0%,60:40:00,Philippines
499,Middle Technical University,"37,101",26.7,0%,45:55:00,Iraq
501,"Michael Okpara University of Agriculture, Umudike","23,198",21.7,0%,41:59:00,Nigeria
503,Michael and Cecilia Ibru University,405,6.9,0%,41:59:00,Nigeria
505,Meikai University,"4,326",16.1,17%,43:57:00,Japan
507,University of Medellín,"9,371",17.6,2%,54:46:00,Colombia
509,Universidad Mayor,"20,330",11.0,2%,57:43:00,Chile
511,University of Mascara,"21,682",12.0,0%,61:39:00,Algeria
513,Maritime University of Szczecin,"2,559",24.7,13%,26 : 74,Poland
515,Marian College Kuttikkanam (Autonomous),"1,755",17.0,0%,52:48:00,India
517,Management Development Institute (MDI),982,12.8,0%,0.929861111,India
519,Malawi University of Science and Technology (MUST),"2,356",12.3,0%,28 : 72,Malawi
521,Universidad Loyola,"3,319",13.3,4%,65:35:00,Spain
523,University of Los Lagos,"5,567",16.6,0%,58:42:00,Chile
525,London Metropolitan University,"8,260",21.5,45%,66:34:00,United Kingdom
527,London School of Hygiene and Tropical Medicine,825,1.8,62%,70:30:00,United Kingdom
529,London Business School,"1,995",18.1,91%,38 : 62,United Kingdom
531,Loei Rajabhat University,"7,433",19.6,0%,70:30:00,Thailand
533,The LNM Institute of Information Technology,"2,136",22.3,0%,0.765972222,India
535,Liverpool School of Tropical Medicine,210,2.2,39%,65:35:00,United Kingdom
537,Liverpool Institute for Performing Arts,865,17.3,23%,57:43:00,United Kingdom
539,Liverpool Hope University,"4,025",15.2,13%,67:33:00,United Kingdom
541,University of Liberal Arts Bangladesh,"4,475",20.2,0%,49:51:00,Bangladesh
543,Lesya Ukrainka Volyn National University,"8,039",10.1,1%,68:32:00,Ukraine
545,Koya University,"4,536",9.4,1%,50:50:00,Iraq
547,Leeds Trinity University,"3,230",24.8,9%,65:35:00,United Kingdom
549,Leeds Conservatoire,"1,260",19.4,12%,33 : 67,United Kingdom
551,Leeds Arts University,"2,065",15.3,12%,76:24:00,United Kingdom
553,University of Las Américas (UDLA),"12,767",13.7,1%,54:46:00,Ecuador
555,La Salle University,"9,869",20.1,1%,55:45:00,Colombia
557,Landmark University,"3,429",13.4,0%,34 : 66,Nigeria
559,University of Lampung,"25,782",19.9,0%,50:50:00,Indonesia
561,Knowledge University,"2,125",16.6,1%,47:53:00,Iraq
563,Lagos State University,"28,289",37.1,0%,50:50:00,Nigeria
565,University of Laghouat,"34,345",35.2,0%,51:49:00,Algeria
567,Kyrgyz-Turkish Manas University,"5,448",14.5,17%,72:28:00,Kyrgyzstan
569,Kyoai Gakuen University,"1,089",19.4,4%,66:34:00,Japan
571,Kyiv National Economic University,"10,585",9.4,2%,61:39:00,Ukraine
573,KTO Karatay University,"8,370",26.2,3%,58:42:00,Turkey
575,Konya Technical University,"13,016",30.1,4%,26 : 74,Turkey
577,Konan Women’s University,"4,416",24.7,1%,100:00:00,Japan
579,Kokshetau State University,"7,047",11.3,5%,65:35:00,Kazakhstan
581,Kocaeli Health and Technology University,"2,784",31.6,4%,66:34:00,Turkey
583,Kobe Gakuin University,"11,557",34.3,2%,38 : 62,Japan
585,Kobe City University of Foreign Studies,"2,287",15.3,4%,67:33:00,Japan
587,Kitami Institute of Technology,"1,965",14.1,4%,0.602083333,Japan
589,University of Kirkuk,"22,867",24.8,0%,52:48:00,Iraq
591,Kings University,132,3.3,0%,42:58:00,Nigeria
593,Khyber Medical University,"4,364",16.5,3%,40 : 60,Pakistan
595,Khwaja Fareed University of Engineering and Information Technology,"10,713",21.6,0%,41:59:00,Pakistan
597,Khulna University,"5,921",11.8,0%,41:59:00,Bangladesh
599,Khomein University of Medical Sciences,782,31.3,0%,48:52:00,Iran
601,Khazar University,"2,610",11.3,7%,54:46:00,Azerbaijan
603,Kadir Has University,"4,896",23.5,3%,53:47:00,Turkey
647,IUBAT – International University of Business Agriculture and Technology,"6,435",22.1,1%,30 : 70,Bangladesh
649,Istanbul Geli?im University,"18,774",23.4,15%,46:54:00,Turkey
651,Istanbul Ayd?n University,"27,826",27.9,13%,51:49:00,Turkey
653,Israel Technological University,"3,070",34.9,1%,42:58:00,Ecuador
655,Isra University,"4,864",19.6,18%,54:46:00,Jordan
657,Islamic University of Madinah,"11,703",7.7,75%,0.233333333,Saudi Arabia
659,Islamic University of Gaza,"17,058",47.0,1%,60:40:00,Palestine
661,The Islamic University,"4,152",9.1,2%,70:30:00,Iraq
663,Islamia College Peshawar,"6,732",25.5,3%,27 : 73,Pakistan
665,Ion Mincu University of Architecture and Urbanism,"3,173",12.8,4%,71:29:00,Romania
667,Ionian University,"8,169",41.9,3%,53:47:00,Greece
669,International University of Rabat,"5,830",33.3,2%,51:49:00,Morocco
671,International Christian University,"2,913",12.6,11%,61:39:00,Japan
673,Institute of Cancer Research,195,2.8,33%,62:38:00,United Kingdom
675,Innopolis University,823,15.8,32%,0.725,Russian Federation
677,Indira Gandhi Delhi Technical University for Women,"3,673",53.2,0%,100:00:00,India
679,IMT Mines Alès,"1,425",12.8,15%,31 : 69,France
681,Ilma University,"4,107",22.4,0%,0.929861111,Pakistan
683,Ignatius Ajuru University of Education,"29,785",75.2,0%,49:51:00,Nigeria
685,IFHE Hyderabad,"6,931",20.3,0%,39 : 61,India
687,Hyogo University of Teacher Education,"1,161",8.0,2%,68:32:00,Japan
689,University of Human Development,"2,583",17.1,3%,49:51:00,Iraq
691,Huachiew Chalermprakiet University,"7,297",16.0,7%,79:21:00,Thailand
693,Hitotsubashi University,"6,212",17.0,15%,32 : 68,Japan
695,Hiroshima Institute of Technology,"4,628",25.4,0%,0.479166667,Japan
697,Hiroshima Shudo University,"4,776",16.6,0%,39 : 61,Japan
699,Hindustan Institute of Technology and Science,"6,033",12.1,1%,36 : 64,India
701,University of the Highlands and Islands,"7,200",130.9,12%,61:39:00,United Kingdom
703,"University of Health Sciences, Turkey","21,322",9.0,5%,34 : 66,Turkey
705,University of Health and Allied Sciences,"6,445",23.5,0%,62:38:00,Ghana
707,Hawler Medical University,"4,152",7.2,1%,63:37:00,Iraq
709,Hassiba Benbouali University of Chlef,"30,121",22.3,1%,71:29:00,Algeria
711,Hartpury University,"1,655",23.6,10%,64:36:00,United Kingdom
713,Harper Adams University,"2,195",13.3,11%,58:42:00,United Kingdom
715,Gulf College,"2,780",27.5,3%,40 : 60,Oman
717,Guildhall School of Music and Drama,995,5.2,34%,50:50:00,United Kingdom
719,Grodno State Medical University,"4,700",8.4,26%,71:29:00,Belarus
721,Gregory University Uturu,"2,025",7.3,0%,62:38:00,Nigeria
723,Greenwich University,"1,261",15.6,3%,35 : 65,Pakistan
725,"The Graduate University for Advanced Studies, SOKENDAI",506,0.4,31%,29 : 71,Japan
727,"Government College Women University, Sialkot","7,023",34.8,0%,100:00:00,Pakistan
729,Government College Women University Faisalabad,"14,424",56.3,0%,100:00:00,Pakistan
731,Gomel State Medical University,"3,642",8.5,20%,66:34:00,Belarus
733,University of Gloucestershire,"6,605",17.2,11%,60:40:00,United Kingdom
735,Glasgow School of Art,"2,240",16.0,44%,67:33:00,United Kingdom
737,Fergana Polytechnic Institute,"14,812",23.6,0%,0.888888889,Uzbekistan
739,GLA University,"9,680",17.2,0%,27 : 73,India
741,Ghulam Ishaq Khan Institute of Engineering Sciences and Technology,"2,046",20.5,0%,0.479166667,Pakistan
743,General Sir John Kotelawala Defence University,"5,136",21.0,2%,48:52:00,Sri Lanka
745,Future University in Egypt,"9,066",10.7,10%,43:57:00,Egypt
747,Fundación Universitaria del Área Andina,"40,193",35.9,0%,60:40:00,Colombia
751,Fukui Prefectural University,"1,772",10.9,1%,51:49:00,Japan
753,University of Franca,"50,760",160.6,0%,57:43:00,Brazil
755,Fountain University,"1,420",18.9,0%,59:41:00,Nigeria
757,First Technical University,"2,442",29.1,0%,29 : 71,Nigeria
759,"Federal University of Technology, Owerri","22,610",18.7,0%,31 : 69,Nigeria
761,"Federal University of Technology, Minna","24,671",27.8,0%,25 : 75,Nigeria
763,"Federal University of Petroleum Resources, Effurun","7,313",39.7,0%,0.765972222,Nigeria
765,Federal University of Latin American Integration (UNILA),"4,774",11.8,31%,50:50:00,Brazil
767,Federal University of Lafia,"12,456",22.8,0%,40 : 60,Nigeria
769,Federal University of Kashere,"10,121",21.4,0%,30 : 70,Nigeria
771,Federal University Gashua,"1,091",3.3,0%,0.479166667,Nigeria
773,Falmouth University,"4,800",17.8,14%,57:43:00,United Kingdom
775,Externado University of Colombia,"12,370",13.0,1%,58:42:00,Colombia
777,"Evangel University, Akaeze",987,5.7,0%,47:53:00,Nigeria
779,European University of Valencia,"2,169",8.8,50%,58:42:00,Spain
781,European University Cyprus,"5,229",19.4,49%,58:42:00,Cyprus
789,"University of Engineering and Technology, Mardan","1,208",21.6,1%,0.274305556,Pakistan
791,Egypt-Japan University of Science and Technology (E-JUST),539,6.7,3%,33 : 67,Egypt
793,Egyptian Russian University,"6,237",13.6,2%,39 : 61,Egypt
795,Egerton University,"20,472",40.1,1%,43:57:00,Kenya
797,Effat University,"1,067",9.4,26%,99:01:00,Saudi Arabia
799,"University of Education, Lahore","27,105",33.1,0%,51:49:00,Pakistan
801,Edo State University Uzairue,"1,489",9.5,0%,52:48:00,Nigeria
803,Academy of Economic Studies of Moldova,"5,525",25.3,1%,53:47:00,Moldova
805,École Polytechnique d’Architecture et d’Urbanisme,"1,371",10.1,0%,69:31:00,Algeria
807,École Nationale Polytechnique,"1,489",8.7,0%,46:54:00,Algeria
809,University of El Oued,"29,028",33.1,0%,59:41:00,Algeria
811,Ebonyi State University,"25,204",27.5,0%,50:50:00,Nigeria
815,University of Duhok,"23,662",13.5,0%,52:48:00,Iraq
817,DHA Suffa University,"1,807",14.5,0%,0.684027778,Pakistan
819,University of Dubai,"1,147",27.3,24%,29 : 71,United Arab Emirates
821,Dr. M.G.R. Educational and Research Institute,"23,097",13.3,0%,32 : 68,India
823,Dostoevsky Omsk State University,"7,355",13.2,6%,63:37:00,Russian Federation
825,Donetsk National University of Economics and Trade named after Mykhailo Tuhan-Baranovsky (DonNUET),"1,068",18.4,2%,60:40:00,Ukraine
827,Do?u? University,"9,149",30.2,1%,40 : 60,Turkey
829,Denau Institute of Entrepreneurship and Pedagogy,"5,247",21.9,0%,63:37:00,Uzbekistan
831,University of Diyala,"29,461",17.9,0%,54:46:00,Iraq
833,Dijlah University,"8,864",28.5,0%,43:57:00,Iraq
835,Dhonburi Rajabhat University,"4,210",16.1,1%,61:39:00,Thailand
837,Dhofar University,"3,122",17.8,6%,56:44:00,Oman
839,Dhaka International University,"6,033",29.9,8%,0.765972222,Bangladesh
841,University for Development Studies,"20,674",33.9,1%,41:59:00,Ghana
843,Derzhavin Tambov State University,"7,985",15.1,33%,56:44:00,Russian Federation
845,Deraya University,"4,275",18.9,0%,58:42:00,Egypt
847,Delta University for Science and Technology,"8,780",16.9,0%,48:52:00,Egypt
849,Universidad del Sinú,"4,350",25.6,0%,57:43:00,Colombia
851,Debre Tabor University,"8,414",7.4,0%,41:59:00,Ethiopia
853,Daffodil International University (DIU),"16,157",21.1,3%,34 : 66,Bangladesh
855,Cyprus Health and Social Sciences University,"2,354",35.1,75%,45:55:00,Northern Cyprus
857,C.V. Raman Global University,"6,991",15.8,4%,29 : 71,India
859,University of Cumbria,"5,275",15.7,10%,70:30:00,United Kingdom
861,Cross River University of Technology,"18,915",40.2,0%,36 : 64,Nigeria
863,"City University of Science and Information Technology, Peshawar","4,163",21.3,2%,0.684027778,Pakistan
865,University for the Creative Arts,"5,345",18.8,35%,67:33:00,United Kingdom
867,Cihan University – Erbil,"4,457",23.3,1%,43:57:00,Iraq
869,Cranfield University,"3,135",7.8,68%,30 : 70,United Kingdom
871,Courtauld Institute of Art,510,12.8,51%,82:18:00,United Kingdom
873,University of Constantine 3,"14,736",16.2,2%,73:27:00,Algeria
875,Conservatoire for Dance and Drama,940,10.4,35%,70:30:00,United Kingdom
877,Coal City University,461,4.8,0%,48:52:00,Nigeria
879,University of Civil Protection,743,3.6,12%,0.479166667,Belarus
881,Christ University Bengaluru India,"23,637",20.2,2%,48:52:00,India
883,Chitkara University,"12,895",15.5,3%,40 : 60,India
1049,Almazov National Medical Research Centre,"1,188",5.0,2%,70:30:00,Russian Federation
1051,Al-Manara College for Medical Sciences,"4,538",30.9,0%,47:53:00,Iraq
1053,Al-Maarif University College,"6,000",17.6,1%,60:40:00,Iraq
1055,Al-Kitab University,"7,206",16.9,0%,32 : 68,Iraq
1057,Alisher Navo’i Tashkent State University of Uzbek Language and Literature,"3,614",12.9,6%,82:18:00,Uzbekistan
1059,University of Al-Hamdaniya,"2,302",26.5,0%,32 : 68,Iraq
1063,Al-Farahidi University,"17,080",65.9,0%,47:53:00,Iraq
1065,Al-Farabi University College,"4,309",16.0,0%,36 : 64,Iraq
1067,Al Ahliyya Amman University,"4,192",11.8,57%,50:50:00,Jordan
1069,Alex Ekwueme Federal University Ndufu-Alike,"12,962",16.8,0%,52:48:00,Nigeria
1071,Al-Ayen University,"11,000",51.2,0%,66:34:00,Iraq
1073,Akwa Ibom State University,"10,026",20.7,0%,42:58:00,Nigeria
1075,Akita Prefectural University,"1,826",8.5,1%,26 : 74,Japan
1077,Ajman University,"5,050",16.4,82%,59:41:00,United Arab Emirates
1079,AKFA University,317,22.6,5%,51:49:00,Uzbekistan
1081,Ajeenkya DY Patil University,"2,793",16.4,0%,24 : 76,India
1083,Air University,"6,404",15.2,0%,32 : 68,Pakistan
1085,Aichi Prefectural University,"3,302",15.2,1%,72:28:00,Japan
1087,Ahl Al Bayt University,"2,879",14.3,1%,51:49:00,Iraq
1089,Aga Khan University,"1,356",2.3,1%,65:35:00,Pakistan
1091,Afe Babalola University,"9,085",11.1,1%,59:41:00,Nigeria
1127,Voronezh State University,"15,534",11.7,16%,57:43:00,Russian Federation
1129,V.I. Vernadsky Crimean Federal University (Vernadsky CFU),"21,501",11.2,8%,58:42:00,Ukraine
1131,Vietnam National University (Ho Chi Minh City),"75,704",21.7,1%,46:54:00,Vietnam
1133,Van Yüzüncü Yil University,"20,523",17.0,3%,44:56:00,Turkey
1135,University of Valparaíso,"16,371",18.3,2%,58:42:00,Chile
1137,Utsunomiya University,"4,829",14.1,4%,37 : 63,Japan
1139,U?ak University,"20,902",38.1,11%,47:53:00,Turkey
1141,Universiti Malaysia Sabah (UMS),"17,068",19.0,4%,67:33:00,Malaysia
1143,Universitas Andalas,"32,537",21.6,0%,55:45:00,Indonesia
1145,Ufa State Aviation Technical University,"8,865",13.2,2%,35 : 65,Russian Federation
1147,University of Tyumen,"11,569",15.4,9%,61:39:00,Russian Federation
1149,University of Tunis,"16,418",12.8,2%,68:32:00,Tunisia
1151,Toyo University,"30,465",24.2,6%,43:57:00,Japan
1153,Tottori University,"5,995",8.1,2%,38 : 62,Japan
1155,Tomsk State University of Control Systems and Radioelectronics,"6,185",14.1,14%,32 : 68,Russian Federation
1157,Tokyo University of Pharmacy and Life Sciences,"3,853",18.9,1%,52:48:00,Japan
1159,Tokyo Denki University,"9,846",28.5,3%,0.602083333,Japan
1161,Tokyo City University,"7,415",15.5,2%,24 : 76,Japan
1163,Tokyo University of Agriculture,"12,907",32.7,1%,43:57:00,Japan
1165,Temuco Catholic University,"10,629",12.3,1%,60:40:00,Chile
1167,Telkom University,"18,977",18.2,1%,43:57:00,Indonesia
1169,Universiti Teknologi MARA,"60,563",16.0,1%,67:33:00,Malaysia
1171,Universidade Tecnológica Federal do Paraná (UTFPR),"33,484",12.8,1%,35 : 65,Brazil
1173,Technical University of Sofia,"10,339",11.6,9%,27 : 73,Bulgaria
1175,Technical University of Loja,"51,567",33.4,1%,56:44:00,Ecuador
1177,Technical University of Liberec,"5,222",11.5,11%,52:48:00,Czech Republic
1179,Technical University of Cluj-Napoca,"18,649",20.5,2%,38 : 62,Romania
1181,Tamil Nadu Agricultural University,"6,724",8.7,0%,62:38:00,India
1183,Universitas Sumatera Utara,"36,146",21.1,2%,54:46:00,Indonesia
1185,Süleyman Demirel University,"41,032",34.8,5%,50:50:00,Turkey
1187,State University of Santa Cruz,"6,887",9.4,1%,56:44:00,Brazil
1189,State University of Ponta Grossa,"8,453",9.1,1%,55:45:00,Brazil
1191,Srinakharinwirot University,"26,673",19.6,0%,67:33:00,Thailand
1193,Southwest State University,"6,878",14.0,11%,41:59:00,Russian Federation
1195,Sophia University,"13,402",11.8,12%,60:40:00,Japan
1399,Mahasarakham University,"37,351",30.0,1%,57:43:00,Thailand
1401,Mackenzie Presbyterian University,"27,482",27.3,0%,59:41:00,Brazil
1403,University of Macerata (UNIMC),"10,561",23.7,5%,76:24:00,Italy
1405,Lucian Blaga University of Sibiu,"13,154",16.5,2%,60:40:00,Romania
1407,Lodz University of Technology,"12,642",17.8,4%,39 : 61,Poland
1409,University of ?ód?,"22,273",16.7,8%,63:37:00,Poland
1411,Latvia University of Life Sciences and Technologies,"3,891",24.9,4%,52:48:00,Latvia
1413,Ladoke Akintola University of Technology,"25,953",53.1,0%,49:51:00,Nigeria
1415,Kyoto Institute of Technology,"3,958",13.4,6%,29 : 71,Japan
1417,Kyoto Sangyo University,"12,110",21.1,2%,34 : 66,Japan
1419,Kwansei Gakuin University,"25,537",24.8,4%,49:51:00,Japan
1421,University of Kufa,"28,175",12.3,0%,65:35:00,Iraq
1423,Kookmin University,"17,238",12.0,11%,49:51:00,South Korea
1425,Kogakuin University,"6,317",17.5,1%,0.847916667,Japan
1427,Kochi University,"5,480",8.2,1%,44:56:00,Japan
1429,Kocaeli University,"67,200",45.7,3%,41:59:00,Turkey
1431,Kirikkale University,"27,790",46.2,2%,49:51:00,Turkey
1433,King Mongkut’s Institute of Technology Ladkrabang,"24,243",20.6,1%,54:46:00,Thailand
1435,Kemerovo State University,"15,311",20.8,6%,67:33:00,Russian Federation
1437,Kasetsart University,"68,589",18.4,1%,63:37:00,Thailand
1439,Karadeniz Technical University,"34,824",25.8,4%,44:56:00,Turkey
1441,University of Karachi,"43,740",36.3,0%,57:43:00,Pakistan
1443,Kansai University,"30,335",12.3,3%,41:59:00,Japan
1445,Kanagawa University,"17,457",14.8,4%,30 : 70,Japan
1447,Kagoshima University,"10,326",10.2,2%,37 : 63,Japan
1449,Jean Moulin University – Lyon 3,"27,907",40.6,20%,65:35:00,France
1451,Jan Evangelista Purkyn? University,"7,966",18.1,3%,66:34:00,Czech Republic
1453,Izmir Institute of Technology,"5,542",18.5,3%,46:54:00,Turkey
1455,Iwate University,"5,305",13.1,4%,37 : 63,Japan
1457,Ivanovo State University of Chemistry and Technology,"3,788",18.5,6%,45:55:00,Russian Federation
1459,Ivane Javakhishvili Tbilisi State University,"22,080",29.1,3%,61:39:00,Georgia
1497,Grigore T. Popa University of Medicine and Pharmacy,"9,605",10.8,27%,68:32:00,Romania
1499,GITAM University,"22,094",14.1,1%,35 : 65,India
1501,Gheorghe Asachi Technical University of Ia?i,"13,884",21.0,9%,30 : 70,Romania
1503,"George Emil Palade University of Medicine, Pharmacy, Science, and Technology of Targu Mures","8,752",14.0,11%,64:36:00,Romania
1505,Gaziantep University,"33,225",38.0,11%,47:53:00,Turkey
1507,Fukuoka University,"19,637",9.5,1%,40 : 60,Japan
1509,University of Fukui,"4,902",8.0,5%,31 : 69,Japan
1511,Universidad de las Fuerzas Armadas – ESPE,"18,562",13.4,0%,37 : 63,Ecuador
1513,Université Frères Mentouri Constantine 1,"36,423",22.2,1%,62:38:00,Algeria
1515,Fluminense Federal University,"70,979",21.1,0%,49:51:00,Brazil
1517,Feng Chia University,"19,298",23.3,7%,39 : 61,Taiwan
1519,Federal University of Vales do Jequitinhonha e Mucuri,"10,708",13.2,0%,59:41:00,Brazil
1523,Universidade Federal Rural do Semi-Arido,"6,750",10.0,0%,46:54:00,Brazil
1525,Federal Rural University of Pernambuco,"20,185",16.0,0%,48:52:00,Brazil
1529,Federal University of Pernambuco,"34,356",14.2,1%,50:50:00,Brazil
1531,Federal University of Pelotas,"23,242",17.1,0%,56:44:00,Brazil
1533,Federal University of Paraí­ba (UFPB),"36,815",14.3,0%,51:49:00,Brazil
1535,Federal University of Pará,"43,211",16.3,0%,52:48:00,Brazil
1537,Universidade Federal de Ouro Preto (UFOP),"15,453",17.1,1%,50:50:00,Brazil
1539,Federal University of Mato Grosso do Sul,"26,142",15.6,1%,55:45:00,Brazil
1541,Universidade Federal do Maranhão (UFMA),"32,222",16.2,0%,52:48:00,Brazil
1543,Universidade Federal de Juiz de Fora,"26,085",16.5,0%,54:46:00,Brazil
1545,Federal University of Itajubá,"8,596",17.1,1%,30 : 70,Brazil
1547,Universidade Federal do Vale do São Francisco,"6,395",11.0,0%,49:51:00,Brazil
1549,Universidade Federal do Triângulo Mineiro,"11,992",20.5,0%,59:41:00,Brazil
1551,Universidade Federal de Ciências da Saúde de Porto Alegre (UFCSPA),"4,882",13.6,1%,70:30:00,Brazil
1553,Universidade Federal do Ceará (UFC),"40,899",19.8,1%,44:56:00,Brazil
1555,"Federal University of Agriculture, Abeokuta","17,038",25.9,0%,50:50:00,Nigeria
1557,Universidade Estadual do Oeste do Paraná (Unioeste),"10,540",9.0,0%,59:41:00,Brazil
1559,Universidade Estadual de Maringá,"19,442",12.6,0%,55:45:00,Brazil
1561,Universidade Estadual do Norte Fluminense Darcy Ribeiro,"6,910",23.0,0%,61:39:00,Brazil
1563,Universidade do Estado de Santa Catarina,"12,404",12.9,1%,52:48:00,Brazil
1565,Eski?ehir Osmangazi University,"30,822",19.6,3%,45:55:00,Turkey
1567,Escuela Politécnica Nacional,"7,084",12.9,1%,29 : 71,Ecuador
1569,Erzincan Binali Y?ld?r?m University,"13,773",18.7,3%,54:46:00,Turkey
1571,EAFIT University,"14,164",23.8,2%,44:56:00,Colombia
1573,Dunarea de Jos University of Galati,"12,770",16.6,21%,59:41:00,Romania
1575,Dumlupinar University,"49,511",50.4,8%,43:57:00,Turkey
1577,Doshisha University,"27,764",18.5,4%,42:58:00,Japan
1579,Dokkyo Medical University,"1,338",1.2,0%,51:49:00,Japan
1581,Diponegoro University,"38,567",13.5,2%,56:44:00,Indonesia
1583,Dicle University,"31,401",17.3,2%,44:56:00,Turkey
1585,University of Dar es Salaam,"37,385",24.8,0%,44:56:00,Tanzania
1587,Cukurova University,"40,200",17.8,5%,44:56:00,Turkey
1589,University of Craiova,"18,411",22.5,4%,49:51:00,Romania
1591,Cracow University of Technology,"13,339",12.9,2%,38 : 62,Poland
1595,Comillas Pontifical University,"10,065",21.8,6%,55:45:00,Spain
1597,University of Colima,"13,665",9.6,0%,54:46:00,Mexico
1599,Chuo University,"25,954",35.3,4%,38 : 62,Japan
1601,Chubu University,"9,128",16.8,2%,27 : 73,Japan
1603,Chinese Culture University,"23,216",23.3,5%,50:50:00,Taiwan
1605,Chiba Institute of Technology,"9,895",24.3,2%,0.643055556,Japan
1607,Chaoyang University of Technology,"14,645",38.1,6%,55:45:00,Taiwan
1609,Manisa Celal Bayar University,"40,533",22.4,2%,51:49:00,Turkey
1611,Ceará State University,"18,436",16.6,0%,58:42:00,Brazil
1613,University of Caxias do Sul,"13,554",25.8,0%,51:49:00,Brazil
1615,Catholic University of Brasília,"8,865",17.8,0%,53:47:00,Brazil
1617,Bursa Uluda? University,"42,787",25.3,9%,47:53:00,Turkey
1619,Burapha University,"30,800",21.8,1%,70:30:00,Thailand
1713,Wuhan Textile University,"22,221",16.0,1%,55:45:00,China
1715,University of Wroc?aw,"19,501",16.4,7%,67:33:00,Poland
1717,Wroc?aw University of Environmental and Life Sciences,"7,351",17.1,4%,68:32:00,Poland
1719,Western Michigan University,"17,612",19.9,8%,52:48:00,United States
1721,University of Western Macedonia,"7,891",33.6,1%,50:50:00,Greece
1723,University of West Bohemia,"11,054",14.7,4%,54:46:00,Czech Republic
1725,Warsaw University of Technology,"25,021",18.9,7%,34 : 66,Poland
1727,Warsaw University of Life Sciences – SGGW,"15,736",13.6,6%,59:41:00,Poland
1729,Vytautas Magnus University,"7,765",11.3,14%,61:39:00,Lithuania
1731,Voronezh State Technical University,"9,947",9.3,6%,34 : 66,Russian Federation
1733,Volgograd State Technical University,"11,790",13.1,9%,32 : 68,Russian Federation
1735,V.N. Karazin Kharkiv National University,"17,080",8.5,26%,55:45:00,Ukraine
1737,"Visvesvaraya National Institute of Technology, Nagpur","4,882",16.6,3%,0.970833333,India
1739,Vilnius Gediminas Technical University (Vilnius Tech),"8,322",13.0,11%,32 : 68,Lithuania
1741,"Vignan’s Foundation for Science, Technology and Research","7,072",11.7,1%,47:53:00,India
1743,University of Venda,"11,407",27.8,1%,60:40:00,South Africa
1745,Veltech University,"8,568",13.6,2%,0.684027778,India
1747,University of Valladolid,"21,780",11.2,8%,57:43:00,Spain
1749,USAMV Cluj-Napoca,"5,643",18.5,7%,52:48:00,Romania
1751,Ural Federal University,"26,370",13.1,17%,50:50:00,Russian Federation
1753,Universiti Tun Hussein Onn Malaysia (UTHM),"15,498",16.4,6%,47:53:00,Malaysia
1755,Universiti Malaysia Terengganu (UMT),"9,510",15.7,5%,70:30:00,Malaysia
1757,Université Chouaïb Doukkali,"21,654",33.6,2%,55:45:00,Morocco
1759,Unisinos University,"9,529",18.2,0%,61:39:00,Brazil
1761,UNIR – International University of La Rioja,"27,135",26.7,41%,62:38:00,Spain
1763,Tzu Chi University,"3,373",9.8,10%,62:38:00,Taiwan
1783,Tokyo University of Marine Science and Technology,"2,595",10.5,8%,33 : 67,Japan
1785,Tokyo University of Agriculture and Technology,"5,686",15.2,6%,32 : 68,Japan
1787,Tokushima University,"7,508",9.6,3%,36 : 64,Japan
1789,Tokat Gaziosmanpa?a University,"19,358",14.6,11%,50:50:00,Turkey
1791,Tokai University,"28,334",15.8,4%,27 : 73,Japan
1793,Toho University,"5,421",13.4,0%,53:47:00,Japan
1795,TOBB University of Economics and Technology,"4,822",12.8,1%,47:53:00,Turkey
1797,The John Paul II Catholic University of Lublin,"10,070",10.7,9%,62:38:00,Poland
1799,Thammasat University,"30,995",11.7,1%,64:36:00,Thailand
1843,Southern Federal University,"17,299",10.2,14%,65:35:00,Russian Federation
1845,University of Sousse,"25,602",13.4,2%,68:32:00,Tunisia
1847,Université Sorbonne Nouvelle,"16,698",24.0,29%,77:23:00,France
1849,Soongsil University,"16,142",19.8,10%,47:53:00,South Korea
1851,Soonchunhyang University,"11,543",19.2,4%,49:51:00,South Korea
1853,Sofia University,"22,490",6.5,6%,65:35:00,Bulgaria
1855,Silesian University of Technology,"18,396",12.4,4%,32 : 68,Poland
1857,Siberian Federal University,"9,724",18.9,13%,36 : 64,Russian Federation
1859,Showa University,"3,662",1.6,0%,60:40:00,Japan
1861,Shinshu University,"10,603",10.4,3%,32 : 68,Japan
1863,Shiga University of Medical Science,"1,160",3.1,3%,49:51:00,Japan
1865,Shibaura Institute of Technology,"9,007",27.9,6%,0.806944444,Japan
1867,University of Shanghai for Science and Technology,"25,884",9.7,2%,41:59:00,China
1869,Shahid Rajaee Teacher Training University,"9,060",38.1,0%,31 : 69,Iran
1871,?Shahid Chamran University of Ahvaz,"15,096",25.6,4%,58:42:00,Iran
1873,Shahid Bahonar University of Kerman,"14,509",23.8,1%,60:40:00,Iran
1875,Shahed University,"5,501",16.8,0%,48:52:00,Iran
1877,University of Sfax,"29,118",12.9,2%,68:32:00,Tunisia
1879,Seoul National University of Science and Technology (SeoulTech),"9,526",14.9,8%,36 : 64,South Korea
1881,University of Seoul,"9,759",17.5,4%,40 : 60,South Korea
1883,Semnan University,"15,415",13.7,1%,50:50:00,Iran
1885,Selçuk University,"36,084",19.6,7%,55:45:00,Turkey
1887,Universitas Sebelas Maret,"28,398",18.3,1%,64:36:00,Indonesia
1889,Sathyabama Institute of Science and Technology,"12,971",12.1,5%,48:52:00,India
1915,Prince of Songkla University,"32,779",13.0,2%,70:30:00,Thailand
1917,University of Primorska,"6,089",16.6,15%,76:24:00,Slovenia
1919,Poznan University of Technology,"14,502",11.6,4%,33 : 67,Poland
1921,Poznan University of Medical Sciences,"7,495",6.0,14%,72:28:00,Poland
1923,Pontifícia Universidade Católica do Paraná,"12,301",14.7,1%,55:45:00,Brazil
1925,Pontifical Catholic University of Valparaíso,"17,703",26.6,1%,43:57:00,Chile
1927,Pontifical Catholic University of Peru,"25,644",7.8,1%,46:54:00,Peru
1929,Pirogov Russian National Research Medical University,"9,607",5.9,5%,74:26:00,Russian Federation
1931,Persian Gulf University,"5,070",21.3,3%,55:45:00,Iran
1933,Universitas Pendidikan Indonesia,"32,320",20.1,1%,64:36:00,Indonesia
1935,University of Pau and Pays de l’Adour,"14,186",14.5,14%,52:48:00,France
1937,Paris Nanterre University,"34,972",37.4,17%,63:37:00,France
1939,University of Pannonia,"5,351",17.3,6%,49:51:00,Hungary
1941,University of Ostrava,"8,492",16.4,11%,69:31:00,Czech Republic
1943,Osmania University,"10,814",23.7,3%,32 : 68,India
1945,Osaka Metropolitan University,"15,827",11.5,5%,37 : 63,Japan
1947,Oran 1 University,"25,775",19.2,1%,66:34:00,Algeria
1949,Opole University of Technology,"5,604",14.5,7%,33 : 67,Poland
1951,Oles Honchar Dnipro National University,"9,522",12.1,1%,60:40:00,Ukraine
1953,Obafemi Awolowo University,"29,939",23.3,0%,41:59:00,Nigeria
1955,"University of the North, Colombia","13,991",19.0,1%,51:49:00,Colombia
1957,North China Electric Power University,"37,861",19.1,3%,36 : 64,China
1959,University of North Carolina Wilmington,"15,940",19.1,2%,64:36:00,United States
1961,Slovak University of Agriculture in Nitra,"4,870",11.3,3%,52:48:00,Slovakia
1963,University of Nigeria Nsukka,"43,108",11.4,1%,46:54:00,Nigeria
1965,Nicolaus Copernicus University in Toru?,"19,684",13.0,4%,67:33:00,Poland
1967,National Technical University of Ukraine – Igor Sikorsky Kyiv Polytechnic Institute,"21,170",8.0,3%,30 : 70,Ukraine
1969,National Technical University Kharkiv Polytechnic Institute,"11,413",7.9,13%,32 : 68,Ukraine
1971,National University of San Martín,"16,276",16.1,5%,60:40:00,Argentina
1973,National Research Saratov State University,"9,826",9.3,11%,58:42:00,Russian Federation
1975,National Research University of Electronic Technology (MIET),"4,736",9.3,7%,28 : 72,Russian Federation
1977,National Dong Hwa University,"10,008",17.8,8%,52:48:00,Taiwan
1987,National Chin-Yi University of Technology,"7,294",23.2,5%,30 : 70,Taiwan
1989,National Chengchi University,"12,489",14.8,13%,57:43:00,Taiwan
1991,Nagoya City University,"4,514",7.5,4%,48:52:00,Japan
1993,Nagasaki University,"8,869",6.7,6%,39 : 61,Japan
1995,Nagaoka University of Technology,"2,189",11.1,12%,0.479166667,Japan
1997,University of Mysore,"7,970",21.4,10%,42:58:00,India
1999,University of Mumbai,"13,330",23.5,1%,51:49:00,India
2001,Multimedia University,"7,116",10.6,11%,51:49:00,Malaysia
2005,Moscow Aviation Institute,"15,493",12.8,12%,28 : 72,Russian Federation
2007,University of Monastir,"19,203",9.6,2%,70:30:00,Tunisia
2009,Mohammed V University of Rabat,"88,644",43.3,3%,52:48:00,Morocco
2011,Ming Chi University of Technology,"4,514",19.5,2%,26 : 74,Taiwan
2013,Mie University,"7,125",8.4,4%,38 : 62,Japan
2015,Metropolitan Autonomous University,"59,709",21.1,1%,50:50:00,Mexico
2017,Mendel University in Brno,"8,886",16.5,20%,57:43:00,Czech Republic
2019,Marmara University,"62,414",30.6,6%,51:49:00,Turkey
2021,University of Maribor,"12,403",14.3,10%,53:47:00,Slovenia
2023,Universiti Malaysia Sarawak (UNIMAS),"13,956",17.9,7%,73:27:00,Malaysia
2073,Kanazawa Medical University,"1,090",2.2,2%,54:46:00,Japan
2075,Kagawa University,"6,369",9.9,2%,42:58:00,Japan
2077,Jianghan University,"19,522",15.5,2%,55:45:00,China
2079,Jeju National University,"11,741",17.6,4%,52:48:00,South Korea
2089,University of Isfahan,"16,756",24.7,4%,61:39:00,Iran
2091,Irkutsk National Research Technical University,"9,710",10.8,10%,38 : 62,Russian Federation
2093,IPB University,"23,580",6.7,3%,58:42:00,Indonesia
2095,International Hellenic University,"45,009",49.0,1%,54:46:00,Greece
2097,Indian Institute of Science Education and Research Bhopal,"1,724",14.1,0%,32 : 68,India
2101,Immanuel Kant Baltic Federal University,"7,041",16.2,15%,62:38:00,Russian Federation
2103,University of Ilorin,"40,901",34.8,1%,48:52:00,Nigeria
2105,Hungarian University of Agriculture and Life Sciences,"10,474",10.5,14%,53:47:00,Hungary
2107,University of Hradec Králové,"6,390",12.3,3%,65:35:00,Czech Republic
2109,Hosei University,"30,300",39.2,4%,38 : 62,Japan
2111,Helwan University,"127,379",19.3,2%,53:47:00,Egypt
2113,Université Polytechnique Hauts-de-France,"13,633",21.2,13%,46:54:00,France
2115,Université Hassan II de Casablanca,"124,623",36.0,2%,52:48:00,Morocco
2117,The Hashemite University,"16,647",27.9,7%,61:39:00,Jordan
2129,Gunma University,"6,300",7.7,5%,38 : 62,Japan
2131,Grand Valley State University,"20,972",15.3,1%,61:39:00,United States
2133,Government College University Lahore,"11,276",19.4,0%,42:58:00,Pakistan
2135,Gifu University,"7,216",7.5,5%,38 : 62,Japan
2137,German University in Cairo,"11,937",14.9,1%,44:56:00,Egypt
2139,Georgia Southern University,"22,885",18.8,3%,59:41:00,United States
2141,Gebze Technical University,"8,403",22.7,2%,43:57:00,Turkey
2143,Gda?sk University of Technology,"14,816",19.9,5%,38 : 62,Poland
2145,University of Gda?sk,"19,970",23.9,2%,67:33:00,Poland
2147,Gazi University,"41,358",20.6,3%,50:50:00,Turkey
2149,Universitas Gadjah Mada,"38,089",8.1,4%,55:45:00,Indonesia
2151,Université de Gabès,"13,152",12.8,1%,75:25:00,Tunisia
2155,University of La Frontera,"11,053",22.0,1%,50:50:00,Chile
2157,University of Fort Hare,"13,626",38.4,2%,57:43:00,South Africa
2159,Federico Santa María Technical University,"22,405",30.0,3%,26 : 74,Chile
2161,Federal University of Viçosa,"16,436",13.3,2%,55:45:00,Brazil
2163,Federal University of Uberlândia,"25,748",13.6,1%,52:48:00,Brazil
2165,Federal University of São Carlos,"20,314",15.4,1%,50:50:00,Brazil
2167,Federal University of Santa Maria,"27,242",13.7,1%,53:47:00,Brazil
2169,Federal University of Rio Grande do Norte (UFRN),"37,879",14.7,0%,40 : 60,Brazil
2171,Universidade Federal do Paraná (UFPR),"33,621",13.4,0%,63:37:00,Brazil
2173,Federal University of Lavras,"14,637",18.4,1%,52:48:00,Brazil
2175,Federal University of Goiás,"25,511",13.7,1%,50:50:00,Brazil
2177,Federal University of Espírito Santo,"23,475",13.4,1%,54:46:00,Brazil
2179,Universidade Federal da Bahia,"45,692",17.4,0%,51:49:00,Brazil
2181,Universidade Federal do ABC (UFABC),"16,706",22.2,1%,35 : 65,Brazil
2185,Universidade do Estado do Rio de Janeiro (UERJ),"22,458",9.1,0%,56:44:00,Brazil
2187,Escuela Superior Politécnica del Litoral,"11,549",12.8,1%,38 : 62,Ecuador
2189,Erciyes University,"50,212",36.2,4%,47:53:00,Turkey
2191,The University of Electro-Communications,"4,662",15.4,6%,0.561111111,Japan
2193,El Bosque University,"12,721",6.6,0%,65:35:00,Colombia
2195,Ehime University,"9,204",13.3,2%,38 : 62,Japan
2197,Ege University,"33,062",18.5,4%,57:43:00,Turkey
2199,Dokuz Eylül University,"56,233",17.6,3%,47:53:00,Turkey
2201,Democritus University of Thrace,"22,230",37.0,4%,56:44:00,Greece
2203,Del Rosario University,"11,751",13.2,2%,59:41:00,Colombia
2205,De La Salle University,"12,941",14.9,3%,50:50:00,Philippines
2227,Chosun University,"21,073",27.3,3%,48:52:00,South Korea
2229,University of Chester,"10,435",18.0,15%,68:32:00,United Kingdom
2231,"University of Chemistry and Technology, Prague","4,006",8.0,22%,58:42:00,Czech Republic
2233,Chang Gung University of Science and Technology,"6,326",26.5,1%,90:10:00,Taiwan
2235,Catholic University of the North,"11,343",20.4,3%,47:53:00,Chile
2237,The Catholic University of Korea,"9,782",7.1,4%,60:40:00,South Korea
2305,Aichi Medical University,"1,323",2.9,1%,57:43:00,Japan
2307,AGH University of Science and Technology,"20,240",12.7,3%,35 : 65,Poland
2309,Adolfo Ibáñez University,"10,573",25.7,5%,38 : 62,Chile
2311,Ac?badem University,"2,784",6.1,3%,74:26:00,Turkey
2313,Acharya Nagarjuna University,"4,872",7.9,7%,38 : 62,India
2315,Abdelmalek Essaâdi University,"112,677",88.2,1%,50:50:00,Morocco
2317,Université 8 Mai 1945 Guelma,"17,530",20.1,1%,67:33:00,Algeria
2319,University of Zimbabwe,"20,598",23.9,0%,51:49:00,Zimbabwe
2321,University of Žilina,"7,545",13.4,3%,35 : 65,Slovakia
2325,Zhejiang Gongshang University,"22,676",15.8,5%,61:39:00,China
2327,University of Zaragoza,"28,085",10.1,8%,54:46:00,Spain
2329,Y?ld?z Technical University,"25,532",26.0,11%,48:52:00,Turkey
2365,Tokyo Medical University,"1,370",1.7,1%,45:55:00,Japan
2367,University of Texas Rio Grande Valley,"29,420",23.5,3%,60:40:00,United States
2369,Teesside University,"13,135",19.3,20%,57:43:00,United Kingdom
2371,Technological University Dublin,"20,686",18.7,21%,44:56:00,Ireland
2373,Technical University of Madrid,"38,976",15.6,16%,32 : 68,Spain
2375,Technical University of Crete,"6,597",31.6,4%,37 : 63,Greece
2377,Tallinn University,"4,178",9.6,16%,71:29:00,Estonia
2379,University of Szeged,"20,023",12.5,22%,55:45:00,Hungary
2381,SWPS University of Social Sciences and Humanities,"14,522",37.6,8%,78:22:00,Poland
2383,University of Sunderland,"12,050",15.9,40%,60:40:00,United Kingdom
2385,St Marianna University School of Medicine,833,0.9,1%,39 : 61,Japan
2411,Sidi Mohamed Ben Abdellah University,"90,045",53.3,2%,48:52:00,Morocco
2413,Shanghai Maritime University,"23,263",16.7,2%,46:54:00,China
2415,Shahrood University of Technology,"8,221",21.1,1%,44:56:00,Iran
2417,Shahrekord University,"7,268",21.1,0%,56:44:00,Iran
2419,Shahid Beheshti University of Medical Sciences,"12,850",8.7,3%,58:42:00,Iran
2421,University of Seville,"49,155",16.7,12%,58:42:00,Spain
2423,Semnan University of Medical Sciences and Health Services,"3,536",8.3,7%,64:36:00,Iran
2425,University of Sargodha,"23,740",31.0,0%,53:47:00,Pakistan
2427,Universidad San Francisco de Quito,"10,338",13.6,5%,49:51:00,Ecuador
2429,Sakarya University,"40,331",25.1,8%,54:46:00,Turkey
2449,University of Puerto Rico,"47,257",17.0,1%,61:39:00,Puerto Rico
2451,Public University of Navarre,"7,806",11.2,8%,51:49:00,Spain
2453,Port Said University,"29,534",29.8,0%,49:51:00,Egypt
2455,Portland State University,"18,067",19.3,6%,58:42:00,United States
2457,Pondicherry University,"7,291",22.6,1%,47:53:00,India
2459,Polytechnic Institute of Porto,"18,743",16.9,7%,48:52:00,Portugal
2461,PMAS Arid Agriculture University Rawalpindi,"11,456",44.8,0%,37 : 63,Pakistan
2463,University of Pécs,"17,711",12.6,23%,57:43:00,Hungary
2465,Pavol Jozef Šafárik University in Košice,"6,867",10.0,23%,67:33:00,Slovakia
2467,University of Patras,"29,393",25.6,6%,51:49:00,Greece
2469,Palacký University Olomouc,"18,673",14.5,13%,69:31:00,Czech Republic
2471,University of Oviedo,"18,599",11.6,2%,53:47:00,Spain
2473,Okayama University,"13,012",10.4,10%,40 : 60,Japan
2475,Óbuda University,"11,804",38.4,6%,0.929861111,Hungary
2477,Oakland University,"15,413",17.8,4%,58:42:00,United States
2479,Northwest University,"26,073",14.0,1%,53:47:00,China
2481,Niigata University,"12,037",7.6,3%,38 : 62,Japan
2493,National University of Colombia,"42,188",15.8,1%,39 : 61,Colombia
2495,National Central University,"10,853",9.7,9%,36 : 64,Taiwan
2497,National Autonomous University of Mexico,"172,729",17.4,4%,52:48:00,Mexico
2501,Nanjing University of Aeronautics and Astronautics,"32,300",15.6,3%,30 : 70,China
2503,University of Murcia,"26,351",16.0,8%,59:41:00,Spain
2505,Morgan State University,"6,129",11.7,8%,59:41:00,United States
2507,Miguel Hernández University of Elche,"12,276",17.0,7%,48:52:00,Spain
2509,Menoufia University,"100,182",34.3,0%,43:57:00,Egypt
2511,Medical University of Bialystok,"5,494",12.7,8%,76:24:00,Poland
2513,University of Mazandaran,"13,320",33.1,6%,62:38:00,Iran
2515,University of Mauritius,"8,710",21.5,1%,55:45:00,Mauritius
2517,University of Marrakech Cadi Ayyad,"110,826",44.8,1%,50:50:00,Morocco
2519,University of Maragheh,"3,146",19.9,0%,56:44:00,Iran
2521,University of Manouba,"16,315",12.1,1%,59:41:00,Tunisia
2523,Universiti Malaysia Perlis,"10,937",13.6,5%,45:55:00,Malaysia
2525,Lusophone University of Humanities and Technologies,"7,544",10.7,22%,53:47:00,Portugal
2527,Lorestan University,"9,059",23.6,1%,57:43:00,Iran
2529,University of León,"14,828",15.3,5%,56:44:00,Spain
2531,University of Leoben,"2,604",4.6,17%,24 : 76,Austria
2533,Lebanese University,"46,256",14.8,16%,70:30:00,Lebanon
2535,University of Las Palmas de Gran Canaria,"15,612",16.9,8%,58:42:00,Spain
2537,Kyoto Prefectural University of Medicine,"1,371",3.4,1%,46:54:00,Japan
2539,Kwame Nkrumah University of Science and Technology,"87,443",78.1,1%,43:57:00,Ghana
2541,Kumamoto University,"9,536",10.0,6%,38 : 62,Japan
2543,K.N. Toosi University of Technology,"8,403",26.6,2%,34 : 66,Iran
2545,Kharkiv National University of Radio Electronics,"7,704",9.9,10%,26 : 74,Ukraine
2547,Kaohsiung Medical University,"6,490",11.8,6%,59:41:00,Taiwan
2549,Kanazawa University,"9,886",9.4,7%,39 : 61,Japan
2551,The Jikei University School of Medicine,"1,093",0.9,0%,44:56:00,Japan
2553,Jiangxi University of Finance and Economics,"24,395",18.5,2%,55:45:00,China
2559,Jeonbuk National University,"20,453",19.9,7%,46:54:00,South Korea
2581,Indian Institute of Technology Mandi,"1,587",11.6,1%,26 : 74,India
2583,Indian Institute of Technology (Indian School of Mines) Dhanbad,"7,002",20.7,1%,0.725,India
2585,Indian Institute of Technology Guwahati,"6,353",13.8,1%,0.970833333,India
2587,Indian Institute of Technology Bhubaneswar,"2,102",14.7,0%,0.725,India
2589,Indian Institute of Science Education and Research Kolkata,"1,563",12.3,0%,28 : 72,India
2591,"Indian Institute of Science Education and Research, Pune","1,512",10.4,0%,31 : 69,India
2593,IMT Nord Europe,"1,484",16.1,21%,1.011805556,France
2595,Ilmenau University of Technology,"5,425",17.4,30%,28 : 72,Germany
2597,Ilia State University,"16,196",10.2,3%,63:37:00,Georgia
2599,Ibn Tofaïl University,"51,802",71.9,3%,49:51:00,Morocco
2601,Hyogo College of Medicine,937,2.2,0%,30 : 70,Japan
2603,Huaqiao University,"31,351",17.2,18%,53:47:00,China
2605,Hamamatsu University School of Medicine,"1,204",4.6,2%,49:51:00,Japan
2607,Hakim Sabzevari University,"7,940",19.8,4%,53:47:00,Iran
2609,Guru Jambheshwar University of Science and Technology,"6,420",19.3,0%,44:56:00,India
2611,University of Gujrat,"11,975",23.5,0%,58:42:00,Pakistan
2613,Guangxi University,"39,172",19.8,2%,46:54:00,China
2615,University of Ghana,"54,256",32.4,1%,48:52:00,Ghana
2617,Fujian Agriculture and Forestry University,"29,188",16.9,1%,54:46:00,China
2619,Fu Jen Catholic University,"18,619",29.0,5%,58:42:00,Taiwan
2621,University of Fortaleza (UNIFOR),"21,115",18.5,0%,51:49:00,Brazil
2623,Florida Institute of Technology,"5,091",14.9,25%,35 : 65,United States
2625,Ferdowsi University of Mashhad,"25,269",30.9,9%,54:46:00,Iran
2627,Federal University of Technology Akure,"19,593",21.1,0%,28 : 72,Nigeria
2629,Universidade Federal de Santa Catarina,"38,751",16.1,2%,49:51:00,Brazil
2631,Federal University of Rio de Janeiro,"45,747",11.4,1%,55:45:00,Brazil
2633,University of Extremadura,"20,509",11.2,2%,56:44:00,Spain
2635,European University of Madrid,"10,684",10.7,32%,49:51:00,Spain
2637,Universidade Estadual Paulista (Unesp),"42,008",15.6,3%,51:49:00,Brazil
2639,University of Engineering & Technology (UET) Lahore,"13,163",13.9,3%,1.011805556,Pakistan
2641,École Centrale de Lyon,"2,108",14.3,26%,24 : 76,France
2643,University of East London,"12,180",21.9,44%,58:42:00,United Kingdom
2645,East China University of Science and Technology,"28,718",16.9,2%,44:56:00,China
2647,Dr B.R. Ambedkar National Institute of Technology Jalandhar,"5,016",23.7,0%,1.011805556,India
2651,University of Delhi,"27,471",25.6,1%,48:52:00,India
2653,University of Debrecen,"29,045",17.7,22%,55:45:00,Hungary
2667,China Pharmaceutical University,"24,270",22.4,2%,69:31:00,China
2669,"China University of Geosciences, Beijing","16,758",16.6,1%,41:59:00,China
2671,University of Chile,"37,286",15.5,5%,50:50:00,Chile
2673,Chiba University,"13,640",8.5,5%,38 : 62,Japan
2675,Chiang Mai University,"34,110",14.0,3%,66:34:00,Thailand
2677,Charles Sturt University,"22,735",20.2,20%,61:39:00,Australia
2679,Chang Gung University,"7,016",12.1,5%,49:51:00,Taiwan
2693,Cardiff Metropolitan University,"9,380",18.6,22%,54:46:00,United Kingdom
2695,University of Calcutta,"19,119",15.6,0%,51:49:00,India
2719,Assiut University,"84,941",14.9,1%,55:45:00,Egypt
2721,Arts et Métiers,"6,230",16.5,14%,0.806944444,France
2723,"University of the Andes, Colombia","15,312",12.7,1%,45:55:00,Colombia
2725,University of Anbar,"26,521",15.9,0%,56:44:00,Iraq
2727,Amity University,"31,383",16.2,6%,52:48:00,India
2729,University of Almería,"13,050",17.5,12%,55:45:00,Spain
2731,University of Algarve,"8,443",14.0,22%,58:42:00,Portugal
2733,Al-Farabi Kazakh National University,"24,229",5.7,15%,56:44:00,Kazakhstan
2735,Ain Shams University,"138,700",12.5,4%,53:47:00,Egypt
2737,"Adam Mickiewicz University, Pozna?","35,901",23.9,4%,68:32:00,Poland
2739,University of A Coruña,"14,937",12.2,5%,52:48:00,Spain
2741,Zhejiang University of Finance and Economics,"17,260",21.3,3%,63:37:00,China
2743,Zewail City of Science and Technology,"1,184",11.6,0%,42:58:00,Egypt
2745,Zagazig University,"165,556",26.4,2%,52:48:00,Egypt
2747,Yeungnam University,"19,345",15.0,4%,50:50:00,South Korea
2749,Yangzhou University,"31,066",13.3,11%,58:42:00,China
2751,University of Wyoming,"10,660",14.7,5%,51:49:00,United States
2753,Worcester Polytechnic Institute,"5,949",12.7,19%,38 : 62,United States
2755,University of Wisconsin-Milwaukee,"19,218",19.3,5%,56:44:00,United States
2757,University of Winchester,"7,290",16.8,10%,66:34:00,United Kingdom
2759,Wenzhou Medical University,"19,243",11.2,5%,63:37:00,China
2761,University of Warsaw,"37,090",12.0,10%,63:37:00,Poland
2763,VIT University,"33,416",17.0,4%,30 : 70,India
2765,Vilnius University,"17,012",10.2,9%,69:31:00,Lithuania
2767,University of Urbino Carlo Bo,"15,336",42.1,6%,62:38:00,Italy
2769,Tribhuvan University,"460,632",30.9,0%,50:50:00,Nepal
2771,Toronto Metropolitan University,"36,218",42.4,8%,56:44:00,Canada
2791,Sunway University,"4,638",8.6,15%,53:47:00,Malaysia
2793,Suez Canal University,"38,962",11.4,1%,58:42:00,Egypt
2795,South Ural State University,"19,373",14.4,10%,39 : 61,Russian Federation
2797,Southern Illinois University Carbondale,"10,130",13.8,7%,50:50:00,United States
2801,University of South Bohemia in ?eské Bud?jovice,"8,763",13.8,7%,69:31:00,Czech Republic
2803,University of Siegen,"12,633",26.4,12%,56:44:00,Germany
2805,Shiraz University of Medical Sciences,"10,228",10.4,3%,57:43:00,Iran
2807,Shiraz University,"14,552",20.2,1%,53:47:00,Iran
2809,Sheffield Hallam University,"25,650",17.2,13%,55:45:00,United Kingdom
2811,Shantou University,"14,119",12.2,1%,45:55:00,China
2813,Shahid Beheshti University,"19,695",23.4,1%,50:50:00,Iran
2815,University of La Serena,"7,643",25.5,1%,52:48:00,Chile
2817,Sechenov University,"16,366",8.1,24%,70:30:00,Russian Federation
2819,University of Science and Technology Beijing,"28,432",16.1,4%,36 : 64,China
2821,University of Salford,"18,220",18.7,20%,55:45:00,United Kingdom
2823,University of Salento,"13,608",22.6,1%,62:38:00,Italy
2825,University of Salamanca,"27,920",16.9,18%,62:38:00,Spain
2827,Saint Petersburg State University,"24,335",9.1,19%,61:39:00,Russian Federation
2829,Roskilde University,"6,100",15.8,16%,64:36:00,Denmark
2831,University of Rome III,"33,264",47.7,5%,61:39:00,Italy
2833,University of Roehampton,"7,780",16.2,33%,69:31:00,United Kingdom
2835,Rhodes University,"6,872",17.0,14%,63:37:00,South Africa
2837,University of Rhode Island,"15,851",14.5,3%,57:43:00,United States
2839,University of Rennes 1,"28,275",18.5,11%,52:48:00,France
2841,University of the Punjab,"28,384",22.4,1%,52:48:00,Pakistan
2843,Princess Nourah bint Abdulrahman University,"25,955",13.1,15%,100:00:00,Saudi Arabia
2845,University of Pretoria,"36,492",21.7,7%,59:41:00,South Africa
2907,National Sun Yat-Sen University,"8,150",12.3,8%,40 : 60,Taiwan
2909,National University of Sciences and Technology,"11,737",9.4,5%,34 : 66,Pakistan
2911,École Nationale des Travaux Publics de l'État (ENTPE),809,15.3,13%,42:58:00,France
2913,National Institute of Applied Sciences of Lyon (INSA Lyon),"6,382",18.9,27%,36 : 64,France
2929,Montana State University,"14,094",16.0,3%,47:53:00,United States
2931,University of Missouri-St Louis,"6,365",15.8,5%,58:42:00,United States
2933,Mississippi State University,"21,810",15.2,3%,52:48:00,United States
2935,University of Minho,"19,922",19.6,16%,55:45:00,Portugal
2937,University of Memphis,"16,520",14.7,5%,60:40:00,United States
2939,Medical University of Gda?sk,"6,344",5.6,16%,65:35:00,Poland
2941,Masaryk University,"32,271",18.9,23%,62:38:00,Czech Republic
2943,Marquette University,"10,540",12.0,3%,57:43:00,United States
2945,Manipal Academy of Higher Education,"23,002",9.0,12%,49:51:00,India
2947,University of Malta,"9,687",10.7,13%,60:40:00,Malta
2949,Universiti Malaysia Pahang,"8,140",13.3,7%,48:52:00,Malaysia
2951,Makerere University,"31,233",21.0,3%,51:49:00,Uganda
2953,Mahidol University,"28,477",9.0,5%,64:36:00,Thailand
2955,Mae Fah Luang University,"13,802",21.0,4%,73:27:00,Thailand
2957,Lovely Professional University,"33,469",14.8,6%,24 : 76,India
2975,University of Lahore,"27,149",14.8,2%,37 : 63,Pakistan
2977,Kyungpook National University,"18,892",20.2,13%,47:53:00,South Korea
2985,Kobe University,"15,477",10.3,8%,36 : 64,Japan
2987,KL University,"17,801",14.5,2%,36 : 64,India
2989,Kingston University,"14,975",19.4,43%,58:42:00,United Kingdom
2991,King Mongkut’s University of Technology Thonburi,"15,116",19.8,2%,46:54:00,Thailand
2993,King Khalid University,"39,389",8.3,7%,55:45:00,Saudi Arabia
2995,King Faisal University,"27,805",13.1,2%,67:33:00,Saudi Arabia
2997,Kindai University,"33,234",14.6,2%,32 : 68,Japan
3001,Keio University,"33,636",10.1,8%,37 : 63,Japan
3003,Kazan Federal University,"22,673",10.4,29%,66:34:00,Russian Federation
3005,Karlstad University,"9,698",14.0,%,63:37:00,Sweden
3007,Kansas State University,"19,927",13.1,7%,51:49:00,United States
3009,Juntendo University,"5,980",4.6,3%,55:45:00,Japan
3011,University of Jaén,"13,767",16.4,9%,57:43:00,Spain
3013,Iuliu Ha?ieganu University of Medicine and Pharmacy Cluj-Napoca,"8,017",7.9,33%,66:34:00,Romania
3015,ITMO University,"10,814",15.0,22%,34 : 66,Russian Federation
3017,Istanbul Medeniyet University,"10,536",13.4,3%,52:48:00,Turkey
3019,The Islamia University of Bahawalpur,"35,698",28.5,0%,46:54:00,Pakistan
3021,ISCTE-University Institute of Lisbon,"9,374",24.9,17%,52:48:00,Portugal
3023,University of Ioannina,"32,168",39.6,3%,69:31:00,Greece
3025,Universitat Internacional de Catalunya,"5,172",14.0,34%,63:37:00,Spain
3027,Indian Institute of Technology Gandhinagar,"1,782",15.1,1%,26 : 74,India
3029,Indian Institute of Technology Patna,"2,203",17.9,0%,0.806944444,India
3031,Hiroshima University,"14,612",8.1,9%,37 : 63,Japan
3033,Guangdong University of Technology,"46,040",18.1,0%,29 : 71,China
3035,University of Girona,"14,011",21.1,15%,57:43:00,Spain
3037,Fuzhou University,"39,987",16.8,1%,39 : 61,China
3039,Fujita Health University,"3,082",3.8,1%,57:43:00,Japan
3077,University of Clermont Auvergne,"36,630",20.9,15%,57:43:00,France
3079,Clemson University,"23,491",15.5,6%,49:51:00,United States
3081,Chulalongkorn University,"34,095",11.5,3%,58:42:00,Thailand
3089,Institute of Chemical Technology,"2,550",17.2,0%,30 : 70,India
3091,Chapman University,"9,332",12.8,8%,61:39:00,United States
3093,University of Calabria,"19,788",23.2,3%,57:43:00,Italy
3095,Cairo University,"224,216",36.8,4%,54:46:00,Egypt
3097,University of Brighton,"15,015",16.8,22%,60:40:00,United Kingdom
3099,Bo?aziçi University,"12,614",22.3,3%,45:55:00,Turkey
3101,"Birla Institute of Technology and Science, Pilani","15,651",18.1,2%,0.847916667,India
3103,Bilkent University,"9,682",14.2,8%,46:54:00,Turkey
3105,Bharathiar University,"4,097",18.8,0%,63:37:00,India
3107,University of Bergamo,"22,115",60.9,7%,62:38:00,Italy
3109,Beni-Suef University,"82,124",28.3,1%,50:50:00,Egypt
3111,University of Belgrade,"93,251",18.9,5%,62:38:00,Serbia
3113,University of Beira Interior,"7,861",17.0,22%,53:47:00,Portugal
3115,University of Bedfordshire,"13,175",29.6,59%,59:41:00,United Kingdom
3117,University of the Basque Country,"43,018",15.4,6%,55:45:00,Spain
3119,University of the Balearic Islands,"11,493",11.8,8%,60:40:00,Spain
3121,University of Aveiro,"12,566",15.1,10%,54:46:00,Portugal
3161,University of Wuppertal,"15,668",39.6,10%,53:47:00,Germany
3163,University of Wolverhampton,"14,900",17.2,24%,62:38:00,United Kingdom
3167,University of the West of Scotland,"12,120",22.0,20%,63:37:00,United Kingdom
3169,University of the Western Cape,"23,510",33.8,6%,61:39:00,South Africa
3171,Wenzhou University,"21,827",18.2,3%,58:42:00,China
3173,Paris Lodron Universität Salzburg,"7,169",11.9,34%,66:34:00,Austria
3175,Umm Al-Qura University,"30,207",8.3,11%,34 : 66,Saudi Arabia
3177,Ulster University,"17,685",18.8,9%,57:43:00,United Kingdom
3179,University of Ulsan,"12,415",11.0,4%,48:52:00,South Korea
3181,TU Braunschweig,"19,676",9.8,17%,40 : 60,Germany
3185,University of Toledo,"17,871",16.1,10%,52:48:00,United States
3187,Thapar Institute of Engineering and Technology,"9,375",16.9,1%,28 : 72,India
3189,The University of Texas at San Antonio,"27,187",24.7,3%,51:49:00,United States
3191,University of Texas at Arlington,"33,537",29.5,13%,60:40:00,United States
3193,Universiti Teknologi Malaysia,"19,974",13.5,20%,47:53:00,Malaysia
3195,Tehran University of Medical Sciences,"11,605",6.4,11%,57:43:00,Iran
3197,University of Tehran,"45,295",21.5,2%,45:55:00,Iran
3199,Tallinn University of Technology,"8,739",12.6,17%,40 : 60,Estonia
3201,Taif University,"39,622",19.6,2%,56:44:00,Saudi Arabia
3203,Tabriz University of Medical Sciences,"8,524",9.9,2%,54:46:00,Iran
3205,University of Tabriz,"20,983",27.2,6%,49:51:00,Iran
3207,SUNY Binghamton University,"18,852",22.0,11%,50:50:00,United States
3209,University of the Sunshine Coast,"11,118",29.6,16%,69:31:00,Australia
3221,Shanghai University,"37,499",13.1,7%,50:50:00,China
3223,University of Campania Luigi Vanvitelli,"33,663",35.1,2%,37 : 63,Italy
3225,Savitribai Phule Pune University,"5,163",12.1,6%,43:57:00,India
3227,University of Santiago de Compostela,"24,713",14.5,9%,62:38:00,Spain
3229,University of Sannio,"2,944",15.4,2%,51:49:00,Italy
3231,San Diego State University,"31,340",27.5,7%,56:44:00,United States
3233,Universiti Sains Malaysia,"23,492",11.6,17%,64:36:00,Malaysia
3235,RUDN University,"21,820",14.0,32%,58:42:00,Russian Federation
3237,Rovira i Virgili University,"12,975",12.6,13%,60:40:00,Spain
3239,Riphah International University,"23,590",21.5,0%,50:50:00,Pakistan
3241,Riga Stradi?š University,"8,512",19.5,28%,74:26:00,Latvia
3243,Rensselaer Polytechnic Institute,"7,475",14.7,21%,32 : 68,United States
3245,University of Regina,"14,172",24.7,27%,59:41:00,Canada
3247,Université du Québec,"50,418",17.9,12%,57:43:00,Canada
3249,Qingdao University,"42,667",15.2,2%,64:36:00,China
3251,Universiti Putra Malaysia,"18,365",11.1,26%,59:41:00,Malaysia
3253,Prince Sattam Bin Abdulaziz University,"27,117",12.2,2%,58:42:00,Saudi Arabia
3255,Polytechnic University of Turin,"29,428",30.4,14%,30 : 70,Italy
3257,Polytechnic University of Bari,"9,998",43.1,1%,30 : 70,Italy
3259,Plekhanov Russian University of Economics,"13,994",8.7,13%,64:36:00,Russian Federation
3261,University of Perugia,"24,943",25.1,6%,58:42:00,Italy
3263,Universidad Peruana Cayetano Heredia,"6,028",6.7,0%,67:33:00,Peru
3265,University of Parma,"28,210",32.1,6%,58:42:00,Italy
3267,Oxford Brookes University,"13,575",14.2,25%,59:41:00,United Kingdom
3269,The Open University,"68,390",31.6,8%,65:35:00,United Kingdom
3271,Ontario Tech University,"8,969",28.6,8%,44:56:00,Canada
3273,Oklahoma State University,"21,250",14.0,6%,51:49:00,United States
3275,"University of Occupational and Environmental Health, Japan","1,157",2.5,2%,52:48:00,Japan
3307,Nantes Université,"36,281",24.0,11%,55:45:00,France
3311,University of Namibia,"29,369",21.8,3%,64:36:00,Namibia
3313,University of Nairobi,"52,678",34.5,2%,24 : 76,Kenya
3315,University of Mohaghegh Ardabili,"11,435",28.7,0%,56:44:00,Iran
3317,Mizzou - University of Missouri,"25,113",11.8,4%,55:45:00,United States
3319,Minia University,"75,566",17.9,1%,54:46:00,Egypt
3321,Memorial University of Newfoundland,"16,098",14.9,21%,56:44:00,Canada
3345,Lviv Polytechnic National University,"21,367",10.5,1%,42:58:00,Ukraine
3347,Louisiana State University,"29,191",18.2,5%,54:46:00,United States
3349,University of Lorraine,"61,210",20.2,17%,53:47:00,France
3351,London South Bank University,"13,050",16.8,35%,56:44:00,United Kingdom
3353,University of Limerick,"14,733",25.1,20%,50:50:00,Ireland
3361,University of Kurdistan,"12,924",34.6,5%,53:47:00,Iran
3363,Kore University of Enna,"5,053",14.5,1%,68:32:00,Italy
3365,Konkuk University,"13,375",26.2,14%,49:51:00,South Korea
3367,King Saud bin Abdulaziz University for Health Sciences,"7,870",11.3,1%,50:50:00,Saudi Arabia
3369,KIIT University,"24,796",12.3,9%,49:51:00,India
3391,Jinan University,"41,858",16.6,27%,56:44:00,China
3455,Universidade Federal de São Paulo (UNIFESP),"18,877",10.3,1%,59:41:00,Brazil
3457,Universidade Federal do Rio Grande do Sul,"39,169",14.1,1%,52:48:00,Brazil
3459,Fayoum University,"44,786",16.8,0%,62:38:00,Egypt
3461,Eötvös Loránd University,"30,190",17.5,9%,62:38:00,Hungary
3491,University of Costa Rica,"31,545",13.4,2%,53:47:00,Costa Rica
3493,University of Córdoba,"16,847",13.5,10%,56:44:00,Spain
3495,Concordia University,"35,592",33.5,34%,50:50:00,Canada
3497,COMSATS University Islamabad,"33,465",14.8,2%,42:58:00,Pakistan
3499,University of Colombo,"31,792",31.9,0%,58:42:00,Sri Lanka
3501,University of Coimbra,"21,429",18.0,19%,58:42:00,Portugal
3503,Clark University,"3,273",11.6,25%,59:41:00,United States
3513,University of Central Florida,"62,248",36.1,5%,56:44:00,United States
3515,Carleton University,"28,760",29.7,22%,49:51:00,Canada
3517,Capital Medical University,"15,254",4.9,5%,62:38:00,China
3519,University of Canterbury,"15,245",18.4,22%,51:49:00,New Zealand
3585,Wayne State University,"22,941",11.9,5%,59:41:00,United States
3587,Virginia Commonwealth University,"26,472",10.7,4%,63:37:00,United States
3589,Victoria University,"16,106",45.2,25%,55:45:00,Australia
3591,University of Vic – Central University of Catalonia,"6,472",14.0,20%,60:40:00,Spain
3593,University of Valencia,"50,575",14.3,14%,58:42:00,Spain
3595,UiT The Arctic University of Norway,"14,377",10.1,10%,58:42:00,Norway
3597,University of Udine,"12,326",18.5,5%,54:46:00,Italy
3599,University of Tuscia,"6,272",20.0,4%,54:46:00,Italy
3601,TU Dortmund University,"25,046",74.8,10%,47:53:00,Germany
3603,University of Tsukuba,"15,725",12.7,16%,38 : 62,Japan
3605,University of Trieste,"16,677",24.9,7%,57:43:00,Italy
3607,Tokyo Medical and Dental University (TMDU),"3,010",4.4,11%,50:50:00,Japan
3609,Technion Israel Institute of Technology,"15,147",21.0,12%,39 : 61,Israel
3611,University of Tabuk,"29,471",14.4,2%,57:43:00,Saudi Arabia
3613,SUNY University at Albany,"16,090",17.2,8%,55:45:00,United States
3615,Stevens Institute of Technology,"6,624",18.6,35%,29 : 71,United States
3617,University of Stavanger,"11,089",11.4,11%,58:42:00,Norway
3619,Southwestern University of Finance and Economics,"23,330",16.4,2%,65:35:00,China
3621,University of South Carolina-Columbia,"33,025",15.6,5%,55:45:00,United States
3623,SOAS University of London,"4,655",12.8,53%,67:33:00,United Kingdom
3625,Shiraz University of Technology,"1,437",13.8,0%,37 : 63,Iran
3627,Sciences Po,"12,872",45.2,37%,61:39:00,France
3629,Saveetha Institute of Medical and Technical Sciences,"12,394",7.4,1%,38 : 62,India
3655,University of Neuchâtel,"4,148",11.1,21%,61:39:00,Switzerland
3657,National Yang Ming Chiao Tung University,"16,425",14.2,11%,36 : 64,Taiwan
3659,National Tsing Hua University,"13,711",16.3,11%,41:59:00,Taiwan
3661,University of Mons,"7,450",26.9,17%,57:43:00,Belgium
3663,Missouri University of Science and Technology,"7,617",22.3,9%,1.011805556,United States
3665,Middle East Technical University,"17,151",22.5,10%,48:52:00,Turkey
3667,University of Messina,"15,290",24.2,3%,63:37:00,Italy
3669,University of Management and Technology,"22,520",22.2,2%,45:55:00,Pakistan
3671,University of Lisbon,"48,404",18.1,18%,53:47:00,Portugal
3673,University of Lille,"75,291",29.6,14%,60:40:00,France
3675,Lebanese American University,"7,057",10.1,19%,52:48:00,Lebanon
3677,Kyushu University,"18,568",7.8,14%,29 : 71,Japan
3679,University of Kragujevac,"16,679",15.8,1%,57:43:00,Serbia
3681,Kermanshah University of Medical Sciences,"5,759",9.6,12%,53:47:00,Iran
3683,University of Kentucky,"27,216",11.2,4%,57:43:00,United States
3685,Keele University,"9,170",15.3,16%,59:41:00,United Kingdom
3687,Kashan University of Medical Sciences and Health Services,"3,419",12.8,2%,38 : 62,Iran
3689,Kafrelsheikh University,"62,533",26.1,2%,48:52:00,Egypt
3691,Jordan University of Science and Technology,"25,905",14.9,13%,57:43:00,Jordan
3693,Johannes Kepler University of Linz,"7,133",22.5,13%,50:50:00,Austria
3695,Jimma University,"30,473",16.3,0%,30 : 70,Ethiopia
3697,Jamia Millia Islamia,"10,481",11.2,2%,49:51:00,India
3699,Constructor University,"1,556",21.6,84%,43:57:00,Germany
3719,Hokkaido University,"18,263",8.4,11%,30 : 70,Japan
3721,Heriot-Watt University,"9,735",17.9,37%,40 : 60,United Kingdom
3781,William & Mary,"8,089",10.9,8%,56:44:00,United States
3783,University of the West of England,"24,585",15.9,23%,53:47:00,United Kingdom
3785,University of Waikato,"10,472",17.6,31%,59:41:00,New Zealand
3787,Victoria University of Wellington,"17,883",18.8,20%,58:42:00,New Zealand
3835,Quaid-i-Azam University,"9,250",16.5,1%,51:49:00,Pakistan
3837,Qom University of Medical Sciences,"2,272",9.1,4%,57:43:00,Iran
3839,Qazvin University of Medical Sciences,"2,598",9.2,1%,57:43:00,Iran
3841,University of Portsmouth,"22,490",16.4,29%,47:53:00,United Kingdom
3843,University of Porto,"33,484",16.2,16%,55:45:00,Portugal
3847,University of Plymouth,"15,605",17.7,16%,58:42:00,United Kingdom
3849,University of Pisa,"33,791",21.9,6%,51:49:00,Italy
3851,University of Passau,"9,703",69.2,12%,61:39:00,Germany
3853,Örebro University,"10,005",15.2,5%,61:39:00,Sweden
3855,Nova Southeastern University,"17,952",16.3,4%,70:30:00,United States
3857,Norwegian University of Science and Technology,"37,707",15.8,9%,48:52:00,Norway
3859,University of Nebraska Medical Center,"3,181",2.0,9%,69:31:00,United States
3861,University of Nebraska-Lincoln,"24,909",16.8,10%,49:51:00,United States
3863,National Research Nuclear University MEPhI,"5,016",9.2,31%,40 : 60,Russian Federation
3865,National and Kapodistrian University of Athens,"66,649",31.0,11%,59:41:00,Greece
3867,Murdoch University,"16,641",36.5,40%,61:39:00,Australia
3869,Muhimbili University of Health and Allied Sciences,"3,626",11.3,3%,41:59:00,Tanzania
3871,University of Modena and Reggio Emilia,"21,409",26.9,5%,53:47:00,Italy
3873,Middlesex University,"15,905",18.7,50%,58:42:00,United Kingdom
3875,Maynooth University,"11,454",28.5,15%,55:45:00,Ireland
3877,University of Marburg,"23,383",31.2,12%,56:44:00,Germany
3879,Mahatma Gandhi University,"1,855",14.6,2%,61:39:00,India
3881,Liverpool John Moores University,"21,725",17.4,16%,54:46:00,United Kingdom
3883,University of Lincoln,"14,480",15.7,13%,55:45:00,United Kingdom
3885,Lincoln University,"2,492",13.3,44%,51:49:00,New Zealand
3887,Leibniz University Hannover,"21,677",43.7,18%,42:58:00,Germany
3889,University of Lagos,"36,237",21.5,0%,48:52:00,Nigeria
3891,University of KwaZulu-Natal,"35,795",30.1,2%,60:40:00,South Africa
3911,Institut Agro,"2,148",11.5,16%,65:35:00,France
3913,University of Innsbruck,"13,918",22.0,46%,53:47:00,Austria
3915,Illinois Institute of Technology,"6,386",11.5,41%,37 : 63,United States
3917,University of Ibadan,"26,156",17.6,0%,49:51:00,Nigeria
3919,Hunan University,"41,580",18.6,2%,47:53:00,China
3953,University of Crete,"13,808",27.6,4%,63:37:00,Greece
3955,University of Connecticut,"27,752",13.6,12%,52:48:00,United States
3957,Complutense University of Madrid,"61,128",20.3,12%,62:38:00,Spain
3959,"Colorado State University, Fort Collins","29,351",17.7,6%,55:45:00,United States
3961,Colorado School of Mines,"6,350",17.6,9%,31 : 69,United States
3963,Claude Bernard University Lyon 1,"28,253",13.0,14%,54:46:00,France
3965,University of Catania,"26,902",21.2,3%,58:42:00,Italy
3967,Cankaya University,"7,113",25.4,1%,46:54:00,Turkey
3969,University of Campinas,"31,199",17.8,3%,46:54:00,Brazil
3971,Brunel University London,"13,040",17.0,39%,47:53:00,United Kingdom
3973,University of Bayreuth,"9,734",26.6,12%,47:53:00,Germany
3975,Bangor University,"8,790",15.7,26%,61:39:00,United Kingdom
3977,Babol Noshirvani University of Technology,"6,180",28.7,0%,33 : 67,Iran
3979,Babol University of Medical Sciences,"4,102",11.8,0%,58:42:00,Iran
3981,Aswan University,"31,877",46.7,2%,55:45:00,Egypt
3983,Aston University,"12,015",17.8,25%,48:52:00,United Kingdom
3985,Arak University of Medical Sciences,"3,500",7.4,1%,56:44:00,Iran
3987,University of Alaska Fairbanks,"2,910",7.2,6%,53:47:00,United States
3989,Alagappa University,"4,831",15.7,0%,63:37:00,India
3991,Wroclaw Medical University,"6,769",9.4,14%,71:29:00,Poland
3993,Washington State University,"29,463",19.5,7%,54:46:00,United States
3995,Wake Forest University,"8,122",4.0,10%,54:46:00,United States
3997,Verona University,"18,621",23.8,4%,64:36:00,Italy
3999,University of Vaasa,"3,873",20.0,4%,53:47:00,Finland
4005,Tulane University,"11,220",7.5,11%,58:42:00,United States
4007,University of Texas at Dallas,"25,464",21.6,20%,43:57:00,United States
4009,Swedish University of Agricultural Sciences,"4,216",4.6,7%,70:30:00,Sweden
4011,University of Stirling,"9,855",16.0,27%,64:36:00,United Kingdom
4013,Shoolini University of Biotechnology and Management Sciences,"2,973",14.3,2%,45:55:00,India
4015,Rush University,"2,757",2.1,1%,76:24:00,United States
4017,Royal Veterinary College,"2,250",10.5,30%,80:20:00,United Kingdom
4019,"Royal Holloway, University of London","10,640",15.1,35%,57:43:00,United Kingdom
4021,University of Rome II – Tor Vergata,"24,038",30.3,20%,56:44:00,Italy
4023,North Carolina State University,"31,540",16.6,14%,48:52:00,United States
4025,University of New Mexico (Main campus),"18,046",16.9,5%,56:44:00,United States
4027,University of Naples Federico II,"53,319",20.2,2%,55:45:00,Italy
4029,Mazandaran University of Medical Sciences,"7,845",15.1,1%,57:43:00,Iran
4031,University of Manitoba,"29,561",29.4,20%,54:46:00,Canada
4033,University of Malaya,"18,320",9.8,18%,58:42:00,Malaysia
4035,Loughborough University,"15,815",13.8,29%,41:59:00,United Kingdom
4037,University of Liège,"21,910",26.8,21%,58:42:00,Belgium
4039,Leuphana University of Lüneburg,"7,839",26.1,7%,62:38:00,Germany
4041,Kurdistan University of Medical Sciences,"3,181",10.5,2%,49:51:00,Iran
4043,Khalifa University,"3,029",8.8,22%,58:42:00,United Arab Emirates
4069,East China Normal University,"28,055",14.7,11%,64:36:00,China
4085,University of Brescia,"15,133",24.6,7%,46:54:00,Italy
4087,University of Bremen,"12,635",20.1,14%,53:47:00,Germany
4089,"Birkbeck, University of London","8,060",16.6,40%,56:44:00,United Kingdom
4091,Ateneo de Manila University,"13,159",10.0,4%,51:49:00,Philippines
4093,"Asia University, Taiwan","11,421",30.3,7%,62:38:00,Taiwan
4095,American University of Beirut,"9,267",8.7,22%,51:49:00,Lebanon
4097,University of Victoria,"20,936",24.6,21%,55:45:00,Canada
4099,University College Cork,"17,925",20.8,20%,59:41:00,Ireland
4101,Tokyo Institute of Technology,"9,878",9.5,17%,0.725,Japan
4105,Temple University,"35,641",12.5,8%,54:46:00,United States
4107,Technical University of Darmstadt,"15,526",37.1,18%,34 : 66,Germany
4109,University of Tasmania,"18,264",22.9,36%,60:40:00,Australia
4111,Tampere University,"15,855",20.6,6%,54:46:00,Finland
4113,Taipei Medical University,"5,946",9.1,10%,58:42:00,Taiwan
4137,Peter the Great St Petersburg Polytechnic University,"16,375",9.7,32%,41:59:00,Russian Federation
4139,University of Oulu,"10,134",19.8,7%,54:46:00,Finland
4147,Nagoya University,"15,224",12.8,12%,30 : 70,Japan
4149,Montpellier University,"40,179",20.1,15%,54:46:00,France
4151,University of Milan-Bicocca,"29,057",29.2,5%,62:38:00,Italy
4153,University of Milan,"47,512",21.2,7%,60:40:00,Italy
4155,Lappeenranta-Lahti University of Technology LUT,"4,609",30.3,12%,33 : 67,Finland
4157,University of Iowa,"29,257",11.1,8%,54:46:00,United States
4159,Hasselt University,"5,683",31.1,14%,49:51:00,Belgium
4161,George Mason University,"32,157",18.1,12%,53:47:00,United States
4163,University of Galway,"15,109",26.1,20%,60:40:00,Ireland
4165,Florida State University,"39,380",24.0,7%,57:43:00,United States
4167,Flinders University,"17,027",27.9,36%,65:35:00,Australia
4169,University of Essex,"14,335",15.3,40%,54:46:00,United Kingdom
4171,École Normale Supérieure de Lyon,"2,171",8.6,11%,47:53:00,France
4173,Drexel University,"19,304",12.5,14%,51:49:00,United States
4175,Dalhousie University,"16,901",14.8,28%,55:45:00,Canada
4187,Brandeis University,"5,427",13.1,28%,59:41:00,United States
4189,University of Bordeaux,"53,755",22.4,13%,59:41:00,France
4199,Aix-Marseille University,"70,054",17.4,13%,60:40:00,France
4201,Abu Dhabi University,"3,926",18.1,60%,51:49:00,United Arab Emirates
4203,University of the Witwatersrand,"26,871",23.6,7%,56:44:00,South Africa
4209,University of Utah,"30,967",13.6,8%,48:52:00,United States
4211,United Arab Emirates University,"7,121",10.9,17%,80:20:00,United Arab Emirates
4219,Tilburg University,"11,876",29.9,20%,51:49:00,Netherlands
4227,Stellenbosch University,"24,907",25.9,8%,56:44:00,South Africa
4235,University of Sharjah,"12,933",19.2,55%,67:33:00,United Arab Emirates
4237,Sejong University,"12,356",20.8,13%,48:52:00,South Korea
4239,Ruhr University Bochum,"38,441",48.5,15%,50:50:00,Germany
4241,Queen’s University,"26,556",26.2,17%,59:41:00,Canada
4259,Kyung Hee University,"20,504",17.7,27%,55:45:00,South Korea
4279,Goethe University Frankfurt,"30,082",12.7,14%,58:42:00,Germany
4281,École des Ponts ParisTech,"1,959",10.0,37%,32 : 68,France
4283,Heinrich Heine University Düsseldorf,"29,365",32.8,12%,58:42:00,Germany
4285,University of Duisburg-Essen,"41,618",43.7,19%,49:51:00,Germany
4319,University of Wollongong,"17,440",29.1,27%,54:46:00,Australia
4327,University of Waterloo,"34,306",23.2,23%,48:52:00,Canada
4329,Vrije Universiteit Brussel,"14,284",33.6,23%,57:43:00,Belgium
4331,Vita-Salute San Raffaele University,"3,560",15.1,5%,61:39:00,Italy
4335,Tohoku University,"17,812",12.4,14%,28 : 72,Japan
4337,Tel Aviv University,"23,834",23.0,7%,57:43:00,Israel
4339,University of Tartu,"9,235",12.0,13%,68:32:00,Estonia
4341,Università della Svizzera italiana,"3,266",12.5,66%,47:53:00,Switzerland
4343,University of Sussex,"17,790",17.4,37%,55:45:00,United Kingdom
4345,University of Surrey,"14,960",16.9,36%,53:47:00,United Kingdom
4347,University of St Andrews,"9,770",12.3,47%,59:41:00,United Kingdom
4351,Semmelweis University,"9,860",12.2,34%,69:31:00,Hungary
4361,"St George’s, University of London","3,490",13.2,20%,64:36:00,United Kingdom
4363,Rutgers University – New Brunswick,"46,158",10.9,17%,53:47:00,United States
4371,Qatar University,"9,084",8.8,35%,77:23:00,Qatar
4373,University of Potsdam,"14,993",39.6,14%,57:43:00,Germany
4375,University of Padua,"48,524",29.3,8%,55:45:00,Italy
4377,University of Notre Dame,"12,401",10.9,13%,46:54:00,United States
4379,University of Newcastle,"24,363",29.5,18%,57:43:00,Australia
4383,Medical University of Innsbruck,"3,244",12.9,43%,54:46:00,Austria
4385,Macau University of Science and Technology,"11,993",38.1,91%,57:43:00,Macao
4391,University of Luxembourg,"5,185",19.3,51%,53:47:00,Luxembourg
4393,Université Libre de Bruxelles,"28,290",49.3,31%,57:43:00,Belgium
4405,University of Hohenheim,"8,714",39.7,14%,58:42:00,Germany
4409,George Washington University,"22,298",12.9,15%,62:38:00,United States
4411,University of Geneva,"19,078",8.7,40%,62:38:00,Switzerland
4415,University of East Anglia,"15,940",13.3,25%,58:42:00,United Kingdom
4421,Curtin University,"29,999",20.8,31%,52:48:00,Australia
4437,Durham University,"18,425",14.1,35%,54:46:00,United Kingdom
4461,Cardiff University,"27,105",14.3,28%,59:41:00,United Kingdom
4487,Macquarie University,"30,561",69.0,27%,52:48:00,Australia
4521,University of Bologna,"69,831",24.4,12%,56:44:00,Italy
4527,University of Virginia (Main campus),"25,810",9.0,13%,53:47:00,United States
4529,TU Dresden,"30,382",30.8,16%,45:55:00,Germany
4531,Technical University of Berlin,"20,243",48.1,27%,35 : 65,Germany
4533,Arizona State University (Tempe),"50,027",19.6,17%,45:55:00,United States
4567,Newcastle University,"25,590",15.1,29%,52:48:00,United Kingdom
4573,University of Ottawa,"36,670",26.0,24%,58:42:00,Canada
4587,The University of Western Australia,"18,405",21.3,28%,49:51:00,Australia
4589,University of Antwerp,"15,857",32.2,17%,56:44:00,Belgium
4591,University of Nottingham,"32,875",15.1,31%,54:46:00,United Kingdom
4593,University of Leeds,"33,990",14.6,36%,60:40:00,United Kingdom
4595,University of Hamburg,"30,676",61.5,12%,58:42:00,Germany
4597,Purdue University West Lafayette,"44,551",16.9,20%,44:56:00,United States
4599,University of Oslo,"21,548",13.3,15%,66:34:00,Norway
4601,University of Vienna,"35,929",42.9,29%,66:34:00,Austria
4603,Queen Mary University of London,"20,505",13.1,46%,55:45:00,United Kingdom
4605,Dartmouth College,"6,440",7.8,15%,49:51:00,United States
4607,Lancaster University,"14,380",12.8,39%,51:49:00,United Kingdom
4609,Vrije Universiteit Amsterdam,"29,796",19.8,16%,56:44:00,Netherlands
4611,Lund University,"28,545",11.5,18%,55:45:00,Sweden
4613,University of Göttingen,"30,221",26.0,14%,52:48:00,Germany
4617,Aarhus University,"26,475",13.5,10%,55:45:00,Denmark
4619,University of Sheffield,"27,465",14.5,41%,53:47:00,United Kingdom
4633,University of Helsinki,"23,059",15.8,5%,67:33:00,Finland
4635,University of Southampton,"21,175",13.7,39%,53:47:00,United Kingdom
4637,University of Birmingham,"31,820",15.0,34%,58:42:00,United Kingdom
4639,Ghent University,"39,437",35.6,12%,57:43:00,Belgium
4641,Michigan State University,"45,465",16.0,13%,52:48:00,United States
4643,University of Warwick,"23,230",13.1,44%,50:50:00,United Kingdom
4645,"University of Maryland, College Park","33,775",16.5,11%,49:51:00,United States
4647,University of Minnesota,"61,009",12.0,10%,54:46:00,United States
4649,King Abdulaziz University,"31,545",7.8,22%,54:46:00,Saudi Arabia
4659,Vanderbilt University,"12,696",3.8,15%,55:45:00,United States
4661,Nanjing University,"36,426",16.5,8%,54:46:00,China
4663,Institut Polytechnique de Paris,"5,999",6.7,41%,24 : 76,France
4689,University of Zurich,"25,003",13.7,22%,56:44:00,Switzerland
4691,University of Glasgow,"28,540",13.5,41%,59:41:00,United Kingdom
4701,Hong Kong Polytechnic University,"19,046",28.9,30%,51:49:00,Hong Kong
4707,Leiden University,"33,648",19.3,20%,60:40:00,Netherlands
4723,Boston University,"27,243",10.8,31%,59:41:00,United States
4725,Delft University of Technology,"20,299",16.1,31%,31 : 69,Netherlands
4727,University of North Carolina at Chapel Hill,"31,080",7.9,8%,59:41:00,United States
4729,Kyoto University,"22,269",9.2,12%,25 : 75,Japan
4749,Wageningen University & Research,"15,404",18.6,27%,55:45:00,Netherlands
4765,Shanghai Jiao Tong University,"37,478",11.5,8%,42:58:00,China
4767,Fudan University,"36,318",11.9,9%,52:48:00,China
4769,University of Texas at Austin,"49,171",17.4,10%,53:47:00,United States
4771,Karolinska Institute,"8,021",9.9,27%,70:30:00,Sweden
4773,University of Illinois at Urbana-Champaign,"48,674",17.4,22%,48:52:00,United States
4775,Paris Sciences et Lettres – PSL Research University Paris,"16,218",15.0,22%,51:49:00,France
4777,McGill University,"32,309",12.5,30%,60:40:00,Canada
4789,École Polytechnique Fédérale de Lausanne,"11,641",12.3,62%,30 : 70,Switzerland
4791,University of British Columbia,"56,452",18.9,34%,55:45:00,Canada
4795,Georgia Institute of Technology,"28,826",24.7,40%,33 : 67,United States
4797,London School of Economics and Political Science,"11,120",11.9,73%,55:45:00,United Kingdom
4799,"Nanyang Technological University, Singapore","24,651",15.1,25%,48:52:00,Singapore
4801,King’s College London,"28,965",11.8,52%,63:37:00,United Kingdom
4803,University of Melbourne,"49,588",23.8,47%,58:42:00,Australia
4805,LMU Munich,"35,003",34.2,19%,61:39:00,Germany
4813,Technical University of Munich,"33,960",40.6,36%,37 : 63,Germany
4839,University of Toronto,"77,468",25.8,26%,56:44:00,Canada
4847,Johns Hopkins University,"17,584",4.7,29%,53:47:00,United States
4849,University of Pennsylvania,"21,453",6.3,23%,53:47:00,United States
4851,The University of Chicago,"15,366",6.0,36%,47:53:00,United States
4853,ETH Zurich,"21,665",14.8,41%,33 : 67,Switzerland
4857,Imperial College London,"18,545",11.2,61%,40 : 60,United Kingdom
4859,Yale University,"13,482",5.9,21%,52:48:00,United States
4861,"University of California, Berkeley","40,921",18.4,24%,52:48:00,United States
4863,Princeton University,"8,279",8.0,23%,46:54:00,United States
4865,California Institute of Technology,"2,237",6.2,34%,37 : 63,United States
4867,Massachusetts Institute of Technology,"11,415",8.2,33%,40 : 60,United States
4869,Stanford University,"16,164",7.1,24%,46:54:00,United States
4871,University of Cambridge,"20,185",11.3,39%,47:53:00,United Kingdom
4873,Harvard University,"21,887",9.6,25%,50:50:00,United States
4875,University of Oxford,"20,965",10.6,42%,48:52:00,United Kingdom
